ra,dec,m_r,z,distancia,velocidad
146.92403,-0.10514302,19.767586,0.327329,1131.142187,98198.7
147.08969,-0.26650926,19.893192,0.383197,1198.500998,114959.1
146.27472,-0.77914713,21.352499,2.29666,2346.928182,688998
146.438,-0.65600998,19.357918,1.47685,936.6635066,443055
146.27838,-0.6115498,20.139404,0.371228,1342.396466,111368.4
146.36894,-0.66824731,18.957106,0.271285,778.7914949,81385.5
146.84292,-0.39093546,20.51609,0.384754,1596.680421,115426.2
146.89733,-0.18636779,20.011734,0.370915,1265.746689,111274.5
146.76383,0.04142141,19.271053,1.77149,899.9338756,531447
146.22601,-0.72509875,19.017052,2.28985,800.5904404,686955
146.24259,-0.76261796,19.848057,0.300242,1173.846745,90072.6
146.26033,-0.94079185,19.975239,0.384821,1244.651595,115446.3
146.69355,-0.38654005,20.525051,0.45944,1603.283046,137832
145.89838,-0.72280608,18.89406,0.271496,756.5053436,81448.8
145.92005,-0.78353938,18.775932,0.517187,716.4508463,155156.1
145.93986,-0.79011435,19.744881,0.368365,1119.376538,110509.5
145.91067,-0.66994126,20.144678,0.369263,1345.660796,110778.9
145.80638,-0.54706451,19.970531,0.368171,1241.955972,110451.3
145.98911,-0.61503643,19.859474,0.335051,1180.034759,100515.3
146.47181,-0.32044988,20.187712,0.366271,1372.59496,109881.3
146.477,0.07743098,19.999685,0.440819,1258.742802,132245.7
146.39881,-0.009911287,22.202499,0.389264,3471.36116,116779.2
146.2918,-0.25947359,19.251162,0.325544,891.7279927,97663.2
146.23462,-0.40626115,19.258194,0.271808,894.6204059,81542.4
146.19248,-0.50827897,20.213526,0.369308,1389.009449,110792.4
145.93037,-0.06030272,20.596466,0.517352,1656.888181,155205.6
145.94591,-0.11261678,19.120731,2.18982,839.7426282,656946
145.81742,-0.09430964,19.512911,0.345902,1005.963446,103770.6
145.9253,0.04879248,19.000355,0.2886,794.4581049,86580
145.74093,-0.78478748,18.609018,1.36,663.4429753,408000
145.61421,-0.86576193,19.380272,0.345755,946.3556951,103726.5
145.70728,-0.67774657,20.161957,0.401977,1356.411303,120593.1
145.74414,-0.04356676,19.277103,1.61642,902.4447027,484926
145.71827,0.069323,20.684868,0.51557,1725.732985,154671
145.63696,-0.45449248,19.651545,0.358139,1072.281961,107441.7
145.76225,-0.21964896,18.950962,1.58644,776.5910838,475932
145.55032,0.0094954,19.659126,0.336428,1076.032032,100928.4
145.36789,-0.46545391,19.50132,0.342291,1000.608067,102687.3
145.49979,-0.430594,19.307827,0.366273,915.3040837,109881.9
145.53049,-0.29051266,19.51182,0.345138,1005.458153,103541.4
145.49612,-0.2645744,18.742228,2.56657,705.4164776,769971
145.29601,-0.94320703,20.414593,0.460216,1523.767127,138064.8
145.29141,-0.86035856,19.940725,0.369418,1225.025136,110825.4
145.24564,-0.64077363,18.645456,1.16692,674.6696906,350076
145.2669,-0.95732134,20.200104,0.405959,1380.450378,121787.7
145.17299,-0.005653981,20.470026,0.437593,1563.166359,131277.9
145.25355,-0.10723425,20.616547,0.484481,1672.281557,145344.3
145.19933,-0.28622504,19.155874,0.651967,853.443549,195590.1
145.31208,-0.40076564,19.664303,0.336875,1078.600457,101062.5
145.33158,-0.35072129,20.347471,0.483203,1477.386751,144960.9
145.50528,0.94505288,20.344067,0.465278,1475.072614,139583.4
145.3386,0.140315,19.261463,1.47813,895.9682086,443439
145.29315,0.30617839,19.221846,0.322636,879.7701043,96790.8
145.38704,0.12528484,19.558474,0.488871,1027.294115,146661.3
145.33843,0.27131682,19.696564,0.336406,1094.744571,100921.8
145.56952,0.75237106,20.314053,0.374466,1454.824479,112339.8
145.67367,0.94780421,20.421711,0.694866,1528.77017,208459.8
145.49682,0.7331675,20.296825,0.4103,1443.327878,123090
145.53343,0.72985508,19.924665,0.358471,1215.99839,107541.3
145.46536,0.33402647,19.529629,1.6055,1013.738172,481650
145.59384,0.27826036,18.745028,1.40566,706.3266619,421698
145.6607,0.6338449,20.122393,0.466909,1331.92141,140072.7
146.18715,0.96667596,20.288258,0.40669,1437.644807,122007
146.10837,0.79938927,20.511137,0.43738,1593.042638,131214
146.13006,0.9500401,19.456009,2.53527,979.9452226,760581
146.01594,0.3131747,20.481773,0.440525,1571.645524,132157.5
146.07338,0.1562641,19.983166,0.442345,1249.203522,132703.5
146.42536,0.56713104,19.564009,0.263064,1029.915988,78919.2
146.39794,0.14516539,19.505024,1.90373,1002.316316,571119
146.41406,0.18838338,20.622597,0.362729,1676.947244,108818.7
146.50879,0.58851764,18.193462,0.649429,547.8887714,194828.7
146.34873,0.90581202,20.586548,0.418012,1649.337753,125403.6
146.41413,0.76855419,23.1287,0.393526,5317.897962,118057.8
146.64377,0.46720989,20.623503,0.450544,1677.64706,135163.2
146.72474,0.65004519,19.341255,0.312316,929.503437,93694.8
146.81401,0.11892939,20.016315,0.36694,1268.419763,110082
146.74791,0.73472126,19.056221,0.262268,815.162514,78680.4
146.64496,0.93743071,19.334824,1.9974,926.7547059,599220
146.7815,0.73798191,18.99102,0.261903,791.0501186,78570.9
146.6873,0.86093703,19.973745,0.335498,1243.795554,100649.4
147.02282,0.66094747,19.459442,0.312999,981.4956971,93899.7
146.86054,0.52471508,20.189829,0.338382,1373.933776,101514.6
147.09159,0.20767254,19.434681,0.370194,970.367405,111058.2
147.06404,0.93964634,20.37174,0.444292,1493.991065,133287.6
147.09569,0.93178014,20.479904,3.87734,1570.293381,1163202
147.23886,0.37375648,18.376474,0.584575,596.0666175,175372.5
147.3296,0.32443263,19.679323,0.366142,1086.086961,109842.6
147.31755,0.34925028,19.922119,0.369801,1214.573496,110940.3
148.57064,-0.71583138,20.094193,0.419662,1314.736136,125898.6
148.82978,-0.74093264,19.170994,0.292166,859.4068283,87649.8
148.60658,-0.92868782,18.892914,0.358335,756.1062013,107500.5
149.12558,-0.30699451,20.595531,0.470174,1656.174906,141052.2
148.42886,-0.86325794,18.906,1.30088,760.6765008,390264
148.41438,-0.72075858,19.310156,1.38558,916.2863144,415674
149.04851,-0.07764741,19.687626,0.378388,1090.247752,113516.4
149.10806,-0.06475232,18.773113,0.512548,715.5213551,153764.4
148.35425,-0.74138513,19.844179,0.420108,1171.75226,126032.4
148.75351,-0.59619364,20.327366,0.469004,1463.771206,140701.2
148.88621,-0.03731969,19.959352,0.413965,1235.578663,124189.5
148.87511,-0.06406012,19.814762,0.421732,1155.985536,126519.6
148.15747,-0.82559275,19.885927,0.37428,1194.497926,112284
148.65027,-0.0595394,19.501457,0.390203,1000.671198,117060.9
148.56975,0.13592029,18.800877,0.885195,724.7285996,265558.5
148.28484,-0.61908774,19.900614,0.421108,1202.604432,126332.4
148.18988,0.004309333,18.871237,1.0625,748.5958238,318750
148.34861,-0.63410067,18.431011,1.38346,611.2265352,415038
148.35715,-0.01900191,19.705364,0.402019,1099.190079,120605.7
148.05021,-0.08627381,19.517395,0.327191,1008.042865,98157.3
147.8615,-0.26639602,19.794836,0.371583,1145.42643,111474.9
147.93709,-0.27135387,20.141029,0.421539,1343.401411,126461.7
147.77177,0.0136876,18.582462,0.875713,655.3788168,262713.9
147.70857,-0.88775026,18.630856,0.271486,670.1487317,81445.8
147.72786,-0.83489403,18.907557,0.268546,761.2221204,80563.8
147.85477,-0.85874409,24.644516,2.20783,10688.16624,662349
147.70202,-0.004921123,20.447233,1.88018,1546.844295,564054
147.68812,-0.06174011,19.254055,0.326897,892.916812,98069.1
147.88098,-0.37988926,19.352467,0.371222,934.3151693,111366.6
147.86304,-0.40424782,19.235664,0.322549,885.3863048,96764.7
147.65468,-0.88138554,18.783937,0.269597,719.0968726,80879.1
147.45883,-0.32263375,19.766203,0.370142,1130.421997,111042.6
147.55427,-0.47753803,19.454952,1.89174,979.4683342,567522
147.51706,0.04412864,19.198225,0.317378,870.2519398,95213.4
147.46847,-0.45818737,19.337463,0.328687,927.8816797,98606.1
147.5069,-0.40262357,21.986618,1.05897,3142.849611,317691
147.59691,-0.32988611,19.683989,0.359396,1088.423224,107818.8
147.52062,-0.33674168,18.028141,1.77556,507.7245928,532668
147.57061,-0.43424172,19.561535,0.359785,1028.743253,107935.5
147.7083,0.19797583,19.74999,0.346681,1122.013287,104004.3
147.13939,-0.85096747,18.393393,1.60589,600.7290029,481767
147.43057,0.09338956,18.492123,0.422013,628.6726977,126603.9
147.09307,0.91700535,20.268391,0.366132,1424.55165,109839.6
147.27313,0.83022894,19.96398,0.406564,1238.214827,121969.2
147.32443,0.66098239,20.064018,0.365565,1296.592783,109669.5
146.79762,0.26047216,21.274624,0.520844,2264.252208,156253.2
147.1701,0.53908692,19.388336,2.24614,949.8766239,673842
147.14063,0.41625138,18.594568,1.48828,659.04277,446484
147.02367,0.31036651,20.023533,0.413423,1272.64302,124026.9
147.23177,0.37757814,20.876507,1.56893,1884.956794,470679
147.34962,0.39104812,19.889366,0.373857,1196.391173,112157.1
147.50311,0.84813827,19.147778,0.266423,850.2675406,79926.9
147.57777,0.84719788,20.352245,0.639779,1480.638371,191933.7
147.33859,0.79272399,19.938477,0.362107,1223.757594,108632.1
147.51757,0.45016298,19.269958,0.315592,899.4801839,94677.6
147.50014,0.3590334,19.489012,0.315242,994.95262,94572.6
147.58299,0.30968378,20.459784,0.460077,1555.810865,138023.1
147.44348,0.29721651,20.9704,0.499894,1968.248821,149968.2
147.72016,0.95889121,20.475098,0.862858,1566.82178,258857.4
147.88701,0.78927231,19.435747,0.362878,970.8438861,108863.4
147.70565,0.92256808,19.528475,0.317207,1013.199577,95162.1
147.68664,0.88235642,19.61293,0.407826,1053.38226,122347.8
147.79689,0.77265689,19.774168,0.326569,1134.576019,97970.7
147.81092,0.68123605,18.730936,0.501838,701.7577216,150551.4
147.5984,0.30336233,19.891544,0.369945,1197.591762,110983.5
147.73956,0.63468838,20.4702,0.503415,1563.29162,151024.5
147.70082,0.65954872,20.41184,0.500125,1521.836514,150037.5
148.06682,0.64561747,20.054993,0.448177,1291.215111,134453.1
148.2334,0.3577425,19.218699,0.255079,878.4960235,76523.7
148.4105,0.52682083,19.938265,0.353004,1223.638125,105901.2
148.20619,0.95540114,19.688255,0.325307,1090.563605,97592.1
148.27178,0.8443218,19.828463,0.314084,1163.302335,94225.2
148.58608,0.67695265,19.517818,0.387624,1008.23925,116287.2
148.44252,0.89058843,19.413784,0.314414,961.0739371,94324.2
148.72179,0.3181771,19.882687,0.4125,1192.716974,123750
148.70954,0.82668867,19.917137,0.418812,1211.7901,125643.6
148.91747,0.811696,18.716919,2.01911,697.2424175,605733
149.03443,0.47026995,18.81818,0.309754,730.5265426,92926.2
150.23136,-0.58731047,19.220781,0.268996,879.3387263,80698.8
150.42554,-0.4193162,18.856974,1.30567,743.6948944,391701
150.46495,-0.27414753,19.348131,3.67332,932.4513885,1101996
150.41718,-0.02319268,19.037991,0.349715,808.3476871,104914.5
149.7413,-0.68335957,19.390121,0.367246,950.6577653,110173.8
149.84581,-0.63933118,19.834173,0.369654,1166.365325,110896.2
149.90953,-0.58358358,18.624554,1.87658,668.2066601,562974
150.3068,-0.2095875,19.145308,2.45828,849.3009307,737484
150.32655,-0.35046288,19.568911,0.367235,1032.243603,110170.5
149.57248,-0.57405616,19.553818,0.404217,1025.093784,121265.1
150.26321,-0.24982302,19.378345,0.367498,945.5162561,110249.4
150.27832,0.07542825,19.615879,0.355333,1054.813793,106599.9
150.21389,-0.09293479,18.860394,0.30417,744.8671131,91251
149.56793,-0.95886618,20.587412,0.435776,1649.994133,130732.8
149.95408,-0.25472077,20.059963,0.252715,1294.17379,75814.5
150.13905,-0.000295875,19.157513,0.304226,854.0879606,91267.8
150.10524,0.08433514,19.287373,0.304808,906.7229327,91442.4
149.96221,-0.04198322,19.524113,0.314409,1011.16633,94322.7
150.09647,-0.27057186,19.201307,0.31366,871.487977,94098
150.05108,0.01131247,19.010752,0.306674,798.2710877,92002.2
150.17194,-0.08114165,18.760145,0.305844,711.2610065,91753.2
150.07363,0.08992036,18.920338,0.905438,765.7157849,271631.4
149.58366,-0.36761824,19.643106,0.412491,1068.122836,123747.3
149.66694,-0.15537314,18.91099,1.58617,762.4265301,475851
149.12819,-0.57726153,19.726219,0.269467,1109.797648,80840.1
149.49356,-0.39835189,16.902977,0.59517,302.409479,178551
149.48184,-0.34098469,19.423969,3.7525,965.5923136,1125750
149.08388,-0.9940763,19.206131,0.917253,873.4261694,275175.9
147.86568,-0.50756726,19.825974,0.325775,1161.969691,97732.5
148.27418,-0.62243033,19.813225,0.41986,1155.167602,125958
148.59067,-0.03108903,19.053629,0.740303,814.1900675,222090.9
147.91704,-0.23895354,19.624889,0.421333,1059.19958,126399.9
148.57785,0.8494363,0,0.3401,0.125892541,102030
147.88152,0.79486978,19.995419,0.362862,1256.272346,108858.6
148.29787,0.84225347,19.549675,0.356933,1023.139849,107079.9
148.39568,0.62347812,19.457279,2.60474,980.5185177,781422
147.90096,0.409726,20.44313,0.544678,1543.924291,163403.4
149.00285,1.0090943,19.324083,0.307965,922.1819129,92389.5
149.02335,0.83986846,19.270674,0.320938,899.7768185,96281.4
148.95609,0.86778515,19.433102,0.322206,969.6620527,96661.8
148.92539,0.21497726,19.039963,0.307597,809.082113,92279.1
149.29648,0.77667291,18.937719,0.280809,771.8693572,84242.7
149.39506,0.84022126,19.288588,0.309543,907.2304117,92862.9
149.88457,0.15677014,18.996,0.311682,792.8663749,93504.6
150.28957,0.3771786,19.140011,0.7421,847.2317059,222630
150.03194,0.89105205,19.028788,0.355585,804.9290474,106675.5
150.08803,0.78613983,19.455814,0.354616,979.8572267,106384.8
150.31599,0.30877207,19.369265,0.354273,941.5708397,106281.9
150.37669,0.60064388,19.682735,1.55175,1087.794854,465525
151.5861,-0.82890233,20.073172,0.374763,1302.070202,112428.9
151.74009,-0.98321794,20.423363,0.458679,1529.933661,137603.7
151.92844,-0.59236915,18.865372,1.63079,746.5766452,489237
152.04018,-0.03605692,19.379162,2.56149,945.8720663,768447
152.05662,-0.03847254,19.240173,1.47279,887.2266941,441837
151.38681,-1.0077513,19.876604,0.419849,1189.380462,125954.7
151.43094,-0.9333294,19.323666,1.71235,922.0048382,513705
151.9033,-0.12097977,20.268581,0.466147,1424.676301,139844.1
151.06068,-0.96397217,19.289732,0.300712,907.7084952,90213.6
150.98397,-0.99457663,18.252211,2.10796,562.9141945,632388
151.13167,-0.82198079,18.239599,1.63713,559.6542421,491139
151.10106,-0.96532893,19.144426,0.300131,848.9560351,90039.3
151.1999,-0.99785813,19.846046,0.370634,1172.760149,111190.2
151.701,-0.1376599,19.118481,0.282626,838.8729683,84787.8
151.37488,-0.69795861,19.973984,0.470605,1243.932458,141181.5
151.24984,-0.55225132,19.242954,0.302265,888.3636913,90679.5
151.30464,-0.62263892,20.176455,0.406922,1365.497785,122076.6
151.02084,-0.54816942,18.259905,0.28859,564.9122599,86577
151.19369,-0.52512007,20.254107,0.484009,1415.211666,145202.7
151.09695,-0.67856532,18.764456,2.73205,712.6744677,819615
150.58586,-0.97320466,20.161613,0.449808,1356.19644,134942.4
150.57128,-0.78497757,19.188614,0.341953,866.4086909,102585.9
150.86311,-0.38592658,20.05571,0.402992,1291.641529,120897.6
150.76606,-0.08280415,19.015318,0.318805,799.9513948,95641.5
150.70803,-0.41486469,17.499397,0.795346,397.9966348,238603.8
149.56313,-0.954837,21.214666,1.02202,2202.587651,306606
150.09098,-1.0088649,19.131062,1.65982,843.7473076,497946
150.43031,-0.60292552,19.071503,1.47271,820.919553,441813
150.42413,-0.73169685,19.661386,0.397292,1077.152515,119187.6
150.56599,-0.18226843,18.943357,0.353005,773.8760388,105901.5
149.96049,0.82099006,20.901428,0.512955,1906.714196,153886.5
150.55128,0.18535271,20.40262,0.491788,1515.388545,147536.4
150.3668,0.59489998,19.948717,0.434649,1229.542089,130394.7
150.35611,0.86824367,19.512842,0.780712,1005.931482,234213.6
150.47733,0.75718711,18.139507,1.35594,534.4430084,406782
150.69524,0.35111674,17.922144,2.16977,483.535985,650931
151.0537,0.21598782,18.757832,2.24049,710.5037918,672147
150.83865,0.86608241,19.975864,0.360073,1245.009886,108021.9
151.11849,0.30711517,18.365932,3.04507,593.1798639,913521
151.11495,0.14241522,18.512465,0.276256,634.5896725,82876.8
150.97302,0.39564986,18.720823,0.337862,698.4970882,101358.6
151.35434,0.23466585,19.620066,0.330764,1056.849631,99229.2
151.41535,0.41655924,19.088076,0.324015,827.2089031,97204.5
151.30547,0.40066148,20.254946,0.472554,1415.758573,141766.2
151.47226,0.32421986,18.477354,2.50099,624.4113663,750297
151.67523,0.26377476,19.140121,0.878946,847.2746251,263683.8
151.6572,0.35940965,19.882996,0.418324,1192.88671,125497.2
151.70793,0.2010574,18.853052,0.269376,742.3528839,80812.8
151.72273,0.591451,19.585842,0.417238,1040.323479,125171.4
151.32088,0.98498232,19.719053,0.692746,1106.14128,207823.8
151.31152,0.8948027,18.979347,0.945004,786.8091467,283501.2
151.82678,0.64926367,18.980061,0.294337,787.0678993,88301.1
151.62429,0.67989723,18.380711,0.772586,597.2308044,231775.8
151.59826,0.69475443,19.088058,1.91938,827.2020461,575814
151.56863,0.7154855,18.930695,0.268997,769.3766471,80699.1
151.81473,0.71621817,18.867455,1.67681,747.2931477,503043
151.98412,0.43482349,19.784374,0.417751,1139.92112,125325.3
153.55067,-0.8636618,19.668909,0.356319,1080.890749,106895.7
153.77699,-0.3288054,20.014952,0.398169,1267.623845,119450.7
153.58085,-0.47619202,18.408653,0.358512,604.9654883,107553.6
153.54182,-0.44299021,19.5966,0.36998,1045.490281,110994
153.57425,-0.51758521,20.35688,0.466434,1483.802164,139930.2
153.58318,-0.57832812,20.04829,0.355417,1287.235475,106625.1
153.46334,-0.18847764,18.439035,0.271181,613.4893106,81354.3
153.31193,-0.87598273,17.815447,0.275705,460.3513277,82711.5
153.45716,-0.26175997,18.828459,0.276372,733.9928004,82911.6
153.42456,-0.15714263,18.811249,0.276953,728.1985335,83085.9
153.09186,-0.90870065,20.091848,0.416886,1313.317103,125065.8
152.83313,-0.6959672,19.410698,1.88737,959.7090717,566211
153.34718,-0.54452648,19.632015,0.343187,1062.681206,102956.1
152.6526,-0.35431128,18.810604,0.274596,727.9822663,82378.8
152.5131,-0.22563445,18.687939,0.731792,687.9989889,219537.6
152.55941,-0.1709113,18.872826,2.18852,749.1438179,656556
152.63938,-0.79015212,18.033358,1.66747,508.9458764,500241
152.6296,-0.83021135,19.846218,0.433032,1172.853046,129909.6
152.41632,-0.64612742,19.113903,0.278245,837.1062799,83473.5
152.37696,-0.43865441,17.261074,1.24072,356.6274761,372216
152.36013,-0.27243481,19.057318,1.56052,815.5744276,468156
152.40176,-0.45039348,19.107109,0.31987,834.4912745,95961
152.23239,-0.97123272,19.085651,3.09659,826.2856301,928977
152.28593,-0.7186261,19.700043,0.34953,1096.499909,104859
152.26168,-0.53620237,19.005112,0.276088,796.2004157,82826.4
152.22205,-0.29745589,20.160034,0.477426,1355.210632,143227.8
151.9035,-1.0272912,19.800682,0.376176,1148.514282,112852.8
151.87288,-0.82627884,19.595381,0.37553,1044.903539,112659
151.92797,-0.84510116,19.98868,0.39563,1252.379644,118689
152.10717,-0.41201808,20.024801,0.398644,1273.386379,119593.2
152.1141,-0.47143885,20.318239,0.395593,1457.631685,118677.9
152.15567,-0.30977704,18.530285,1.35484,639.8188045,406452
151.88149,0.94744834,19.709686,0.359829,1101.380036,107948.7
151.9973,0.80621366,19.416281,0.335896,962.1797223,100768.8
152.13349,0.07717053,19.170578,0.315194,859.2422032,94558.2
152.10438,0.67101603,20.244251,0.455189,1408.80278,136556.7
152.04686,0.84142683,19.777735,0.334115,1136.441278,100234.5
152.00566,0.70225827,19.999046,0.45592,1258.372445,136776
152.24974,0.58966792,19.32313,0.411814,921.7772812,123544.2
152.17265,0.08820964,19.096466,0.316819,830.4112038,95045.7
152.14457,0.04995935,18.946476,0.318183,774.9883963,95454.9
152.38033,0.13866076,19.663496,0.331008,1078.199683,99302.4
152.62012,0.97907161,19.168816,0.329312,858.5452702,98793.6
152.60426,0.81071085,19.494171,0.304001,997.319246,91200.3
152.50022,0.30628625,18.307962,0.604976,577.5537393,181492.8
152.57582,0.06422671,18.115225,1.39757,528.5000102,419271
152.56453,0.22723214,19.442261,0.303948,973.7606039,91184.4
152.4383,0.60925165,18.93462,1.70258,770.7685755,510774
152.75386,0.34428675,18.760996,1.74875,711.5398043,524625
153.44757,0.23306989,19.888195,0.358141,1195.746174,107442.3
153.45775,0.13139738,20.10457,0.429443,1321.034014,128832.9
153.48003,0.48065892,19.461409,0.33027,982.385175,99081
153.41911,0.08570957,19.450788,0.348953,977.5919124,104685.9
152.78982,0.70422508,19.216707,0.331517,877.6905048,99455.1
153.57877,0.3362504,19.76754,0.357309,1131.118225,107192.7
153.61428,0.09875877,19.008884,0.352201,797.5846736,105660.3
152.88434,0.65674882,19.923985,0.428763,1215.617658,128628.9
152.92491,1.0235149,19.414043,0.333255,961.188575,99976.5
152.86112,0.72199018,18.835545,1.26858,736.3918952,380574
153.71107,0.28615496,18.927578,0.270456,768.2730518,81136.8
153.77362,0.43945209,20.498341,0.349807,1583.6828,104942.1
153.76965,0.63775056,19.934925,0.444936,1221.757461,133480.8
153.75791,0.49689114,19.18399,0.303512,864.5656966,91053.6
153.68038,0.03081419,18.934078,0.272057,770.5762155,81617.1
153.71636,0.62838457,20.511747,0.442242,1593.490211,132672.6
153.89061,0.07766895,19.296881,0.417065,910.7018106,125119.5
153.85063,0.42194547,19.84824,0.463269,1173.945675,138980.7
153.87659,0.33855655,19.833364,0.420547,1165.930867,126164.1
153.84348,0.06863298,18.834988,1.24988,736.2030291,374964
155.15029,-0.80764233,20.446442,0.375509,1546.280931,112652.7
155.21177,-0.79012887,19.731941,0.395163,1112.725908,118548.9
155.13584,-0.99900971,19.737919,3.03303,1115.79343,909909
155.09969,-0.84581463,20.597164,0.464978,1657.420858,139493.4
155.5362,-0.4215368,19.338001,0.394034,928.1115984,118210.2
155.34121,-0.59667906,19.767168,0.393479,1130.924467,118043.7
155.5451,-0.51147206,20.434433,0.480879,1537.75306,144263.7
155.68603,-0.12652436,18.59366,1.40332,658.7672493,420996
155.53531,-0.30411782,19.785984,0.312204,1140.766607,93661.2
154.71478,-1.0197013,21.773081,1.07459,2848.499844,322377
154.74986,-0.9056238,18.5938,2.18333,658.8097229,654999
154.89956,-0.95379832,19.839476,0.366674,1169.217212,110002.2
155.14886,-0.68792597,19.940224,0.39614,1224.742532,118842
155.11626,-0.60273547,18.956882,0.955995,778.7111622,286798.5
155.12528,-0.2835131,18.889112,2.09049,754.783504,627147
155.12197,-0.10080957,19.146587,0.811026,849.8013174,243307.8
154.47619,-0.89236105,19.458647,0.383909,981.1364265,115172.7
154.64364,-0.83960921,19.636927,0.341071,1065.087775,102321.3
154.9696,-0.70785458,19.417379,0.405124,962.6663692,121537.2
154.97995,-0.75829318,20.069542,0.477656,1299.895379,143296.8
154.26453,-0.91901828,19.222973,0.268482,880.2268258,80544.6
154.77966,-0.33030599,18.611551,1.4925,664.2173261,447750
154.68299,-0.7140191,19.662645,0.340383,1077.77722,102114.9
154.62245,-0.14185164,19.00939,2.14095,797.7705498,642285
154.61189,-0.16417995,18.770769,1.81561,714.7494009,544683
154.76223,-0.34085395,18.718376,1.47662,697.7104055,442986
154.59842,-0.09102846,18.601925,1.39705,661.2794093,419115
154.61893,-0.61494545,20.63479,0.465834,1686.389929,139750.2
154.58702,-0.57547796,17.861849,1.5099,470.2943919,452970
154.53072,-0.13674877,19.755388,0.371869,1124.805937,111560.7
154.45375,-0.52347949,18.962738,2.28379,780.814015,685137
154.52935,-0.3342447,19.995602,2.62486,1256.378223,787458
154.36883,-0.54567882,19.195961,0.313223,869.3450788,93966.9
154.3596,-0.16420642,18.350607,0.344872,589.0082801,103461.6
153.98806,-1.0331623,19.556213,0.361608,1026.225023,108482.4
154.12315,-0.85620855,20.096689,0.343316,1316.248229,102994.8
154.21557,-0.56305664,18.712948,1.82824,695.9685263,548472
154.24438,-0.11900407,19.436871,0.337098,971.3465455,101129.4
154.3533,-0.60091386,19.770512,0.347509,1132.667397,104252.7
153.99154,-0.40169339,19.795816,0.468056,1145.943485,140416.8
153.53355,-0.89492947,19.377743,0.364049,945.2541658,109214.7
153.94475,-0.51305813,19.566984,0.400442,1031.327979,120132.6
153.58455,-0.4967909,19.495131,0.355862,997.7602546,106758.6
153.78003,-0.15699078,19.964489,0.349853,1238.505102,104955.9
153.6309,0.39087876,20.78817,0.495255,1809.814236,148576.5
153.95418,0.3388877,19.855667,4.40285,1177.967748,1320855
153.32326,0.13343361,20.019958,0.749611,1270.54953,224883.3
153.93869,0.85544787,18.537594,1.57116,641.9760111,471348
154.0537,0.08646287,20.403625,0.467317,1516.090059,140195.1
154.00233,0.22533099,19.761694,0.351891,1128.077144,105567.3
154.14992,0.14750838,18.080778,2.29797,520.1823352,689391
154.04122,0.16803791,18.759098,0.417316,710.9181466,125194.8
154.01775,0.20358453,18.555517,1.48114,647.2967105,444342
154.01916,0.92283005,20.25267,0.432266,1414.275441,129679.8
154.09652,0.7143823,19.703537,0.344821,1098.265649,103446.3
154.03325,0.88341759,18.265539,0.878338,566.3798576,263501.4
154.15968,0.70484658,20.745398,0.440847,1774.514694,132254.1
154.03949,0.46962903,19.100864,1.01343,832.0947847,304029
154.18956,0.07632094,19.03371,0.271737,806.755621,81521.1
154.24826,0.3783393,18.829002,2.08953,734.1763661,626859
154.20128,0.63774429,19.818037,0.410667,1157.730301,123200.1
154.17926,0.58474392,19.825718,0.349341,1161.832712,104802.3
154.30352,0.88121751,19.636763,0.377178,1065.007338,113153.4
154.47592,0.11305361,19.709442,0.399226,1101.256285,119767.8
154.5186,0.35000118,18.589819,0.277505,657.6030215,83251.5
154.61305,-0.002333131,19.779898,0.979996,1137.57385,293998.8
154.63523,0.24344166,20.296907,3.84405,1443.382382,1153215
154.73529,0.41023398,18.693989,0.266161,689.9185149,79848.3
154.84154,0.10613027,20.085943,0.367583,1309.750582,110274.9
154.61914,0.7591713,19.666708,0.369209,1079.795716,110762.7
154.69106,0.91370039,19.675653,0.352835,1084.252919,105850.5
154.71094,0.81663853,20.689302,1.74295,1729.260415,522885
154.57193,0.87527719,20.176931,2.79685,1365.797143,839055
155.08746,0.41630905,19.114647,1.4547,837.3931423,436410
155.03748,0.12819747,19.37763,0.463023,945.2049775,138906.9
155.18258,0.01826937,20.979765,4.20729,1976.755701,1262187
155.24411,1.0531188,23.119703,2.21577,5295.910049,664731
154.89278,0.95129394,19.400551,0.461567,955.2349412,138470.1
154.86096,1.0597853,20.462702,2.46958,1557.902951,740874
155.27656,0.47796418,19.14155,0.307946,847.8323821,92383.8
155.25032,0.35398897,19.248611,0.304297,890.6810245,91289.1
155.53053,0.80013637,19.117937,2.11003,838.6628391,633009
155.46494,0.69649517,19.384659,1.52301,948.2695389,456903
155.68836,0.38909458,19.279343,1.36349,903.3761072,409047
156.75099,-1.0736104,17.929707,0.344001,485.2230239,103200.3
156.68282,-0.70083475,19.435989,0.325616,970.952088,97684.8
156.89555,-0.77998156,19.77965,0.326434,1137.443937,97930.2
157.26314,-0.6334657,19.130354,1.5406,843.472252,462180
156.52807,-0.84414153,19.076141,0.282674,822.6748108,84802.2
156.53257,-0.74082817,19.531151,0.326614,1014.448957,97984.2
156.42652,-0.92887573,18.142984,1.76905,535.2994535,530715
156.66018,-0.66248116,20.505959,0.430127,1589.248463,129038.1
156.63384,-0.71109608,20.174572,0.461371,1364.314202,138411.3
156.65411,-0.70273848,19.217453,0.326416,877.9920834,97924.8
157.09999,-0.19422599,19.535997,0.32549,1016.715396,97647
157.16485,-0.54224107,19.197895,0.325805,870.1196971,97741.5
157.07364,-0.64570485,20.371246,0.313337,1493.651227,94001.1
156.83349,0.01433694,18.961275,0.951679,780.2881294,285503.7
156.19824,-0.99733128,19.967039,0.386866,1239.960356,116059.8
156.26618,-1.0870754,20.503101,0.474935,1587.158137,142480.5
156.12327,-0.88206289,18.211079,2.55499,552.3518335,766497
156.2534,-0.6788735,19.058105,0.634038,815.8700673,190211.4
156.33799,-0.86039667,19.737768,0.937386,1115.715843,281215.8
156.34953,-0.81171134,19.954899,0.386499,1233.04748,115949.7
156.09704,-0.80012005,19.194775,0.32154,868.8703955,96462
156.26809,-0.7718972,18.700081,0.551964,691.856778,165589.2
156.64904,-0.63424439,19.577297,0.325323,1036.237727,97596.9
156.60005,-0.60565329,19.755642,0.432302,1124.937515,129690.6
156.6228,-0.64094553,19.843758,0.328234,1171.525106,98470.2
156.65586,-0.5689402,19.818489,0.325651,1157.971312,97695.3
156.69092,-0.55592159,20.084755,0.432717,1309.034221,129815.1
156.61919,-0.3734479,18.579266,0.855509,654.4149317,256652.7
156.67311,-0.46311692,20.062122,0.434511,1295.46117,130353.3
156.63335,-0.48926341,19.405447,0.325939,957.391131,97781.7
156.57778,-0.26165016,18.821072,0.324938,731.5001171,97481.4
155.763,-0.65789218,19.193077,1.08821,868.191241,326463
156.09299,-1.0535796,19.942842,0.428534,1226.220013,128560.2
156.05595,-0.67521118,20.503281,0.485325,1587.289707,145597.5
156.34445,-0.26452037,19.414206,0.452829,961.2607286,135848.7
156.36429,-0.08863713,19.093027,1.89931,829.0971075,569793
156.21194,-0.59850717,20.294247,0.392911,1441.615357,117873.3
156.26717,-0.10847333,18.82008,0.988571,731.1660201,296571.3
156.21049,-0.35065686,18.417622,0.321196,607.4693914,96358.8
156.2393,-0.29501906,17.193951,1.49765,345.772301,449295
156.24745,-0.12431061,20.255749,0.476875,1416.28221,143062.5
155.88025,-0.52825266,18.980587,0.274919,787.2585754,82475.7
156.08171,-0.08873703,20.801952,2.19166,1821.337376,657498
156.07479,-0.16460835,19.306202,0.277415,914.6193811,83224.5
155.83744,-0.1626085,19.330355,2.28734,924.8493592,686202
155.62867,-0.96648913,19.446297,1.66581,975.5721638,499743
155.63968,-0.73693507,20.008091,0.393033,1263.624972,117909.9
155.7423,-0.68114682,18.73016,1.75627,701.5069855,526881
155.80925,-0.31461073,19.955284,0.392487,1233.266118,117746.1
155.74446,-0.26065317,18.885361,0.30597,753.480817,91791
155.70727,-0.05382133,19.800011,0.311267,1148.159438,93380.1
155.78582,-0.25797242,19.763857,0.308137,1129.201379,92441.1
155.69909,-0.40821798,18.984604,0.307364,788.7162705,92209.2
155.50311,-1.0697767,18.892355,1.05227,755.9115827,315681
155.34146,-0.85654776,20.900295,0.517803,1905.719597,155340.9
155.53235,-0.01561387,19.569796,0.307096,1032.664387,92128.8
155.34141,-0.57844181,18.614506,2.06808,665.1218268,620424
155.45949,-0.64775094,18.849133,1.00502,741.0143187,301506
155.24819,-0.34066789,17.763443,2.59968,449.4574671,779904
155.10661,-0.40749868,19.306549,0.368362,914.7655484,110508.6
155.19484,-0.26478876,20.062702,0.397349,1295.807234,119204.7
154.89712,-0.94491225,19.99947,0.366617,1258.618178,109985.1
155.05093,-1.0137768,19.358532,0.394388,936.9283927,118316.4
154.92773,-0.84609175,19.386391,0.366874,949.026195,110062.2
154.61026,-0.008172001,20.578266,0.495047,1643.059156,148514.1
154.65051,-0.39000885,20.225912,0.464624,1396.954947,139387.2
154.85615,-0.02989693,18.274437,0.817447,568.7054628,245234.1
154.67992,-0.58095136,18.378065,1.75995,596.5035052,527985
155.02535,-0.21856067,19.641962,0.399469,1067.560263,119840.7
155.24885,1.0095356,18.623737,0.587296,667.9552997,176188.8
154.8447,0.75779021,19.260872,0.373704,895.7243901,112111.2
155.42133,0.86597588,19.109959,0.304404,835.5872412,91321.2
155.0788,0.5620991,19.643425,0.412277,1068.27976,123683.1
154.85507,0.44135834,19.202995,0.341436,872.165694,102430.8
154.95154,0.32716244,19.178547,0.303566,862.401295,91069.8
155.74132,0.81960187,18.606134,1.41945,662.5624209,425835
155.74914,1.0231981,18.80587,1.56287,726.3969299,468861
155.7013,0.88038881,19.620329,1.6905,1056.97764,507150
155.62198,0.95291713,18.810335,1.093,727.8920901,327900
155.47605,0.14593144,19.483362,0.306105,992.3671968,91831.5
155.42307,0.43554046,19.076614,0.374395,822.8540291,112318.5
155.79269,0.89169453,18.926397,0.305979,767.8553243,91793.7
155.7065,0.45097919,19.793533,0.409254,1144.739319,122776.2
155.60345,0.1118451,19.493916,0.617422,997.2021358,185226.6
155.87481,0.2194266,18.459404,1.89609,619.2710816,568827
155.8192,0.16007739,18.61533,0.836621,665.3742659,250986.3
156.12035,0.53607277,20.092724,0.436902,1313.847019,131070.6
156.13942,0.45450412,19.239948,0.327694,887.1347677,98308.2
156.26912,0.07308339,20.011208,0.322017,1265.440122,96605.1
156.26145,0.52415147,19.06473,0.362895,818.3630269,108868.5
156.25053,0.48318789,20.444017,0.505628,1544.555079,151688.4
156.32326,0.57282473,18.277248,1.88842,569.4421364,566526
156.44598,0.62503924,19.805956,0.362204,1151.307145,108661.2
156.48301,0.72974681,18.965445,0.93227,781.788,279681
156.27623,0.59815382,18.371449,0.990182,594.6888557,297054.6
156.46398,0.27090654,19.388424,0.326599,949.9151189,97979.7
156.78241,0.09945997,19.913868,0.359753,1209.967207,107925.9
156.68378,0.10816617,18.776243,0.983607,716.5534643,295082.1
156.70997,1.088443,19.088036,2.27323,827.1936655,681969
156.92912,1.0752805,19.35235,0.323884,934.2648293,97165.2
156.92554,0.91780884,19.176819,2.12849,861.715292,638547
156.90268,0.94849365,18.968616,0.323613,782.9304786,97083.9
157.20097,0.86798849,18.901684,0.323257,759.1660882,96977.1
156.97434,0.51539666,18.281717,1.12881,570.6152839,338643
157.37641,0.61062035,19.798048,0.455935,1147.121976,136780.5
157.07454,0.24440553,19.891922,0.454841,1197.800252,136452.3
158.75439,-0.89455383,19.420498,0.253391,964.0500911,76017.3
158.73871,-1.0358418,17.755327,0.328021,447.78073,98406.3
158.65624,-0.88338127,18.717392,2.04106,697.3943105,612318
158.74418,-0.7649548,19.469215,0.304227,985.9230043,91268.1
159.0412,-0.36577189,19.250494,0.314438,891.4537167,94331.4
159.12107,-0.34738504,19.0783,0.281283,823.4931671,84384.9
159.12099,-0.32534855,18.954885,0.282263,777.9953477,84678.9
159.26291,-0.31522617,19.20892,0.287199,874.5487029,86159.7
159.31299,-0.04688766,19.171713,3.67506,859.6914351,1102518
158.5282,-1.0242064,19.346596,1.78314,931.7924775,534942
158.56078,-1.1143516,19.865932,0.344368,1183.549428,103310.4
158.61113,-0.68194326,19.847208,0.387184,1173.387885,116155.2
158.88399,-0.44052944,18.602249,0.91493,661.3780845,274479
158.99345,-0.37198782,19.912537,0.348395,1209.225787,104518.5
158.9373,-0.49022279,19.238052,2.0569,886.3605126,617070
158.88108,-0.05686848,20.854916,0.48626,1866.307494,145878
158.85862,-0.03063305,20.254391,0.483595,1415.396769,145078.5
158.15353,-1.1030662,16.740961,1.26209,280.6675477,378627
158.19055,-0.81939438,18.528412,2.15927,639.2671678,647781
158.603,-0.62828576,18.871286,1.10402,748.6127163,331206
158.63633,-0.45071258,20.851158,4.3771,1863.080413,1313130
158.83107,-0.56744406,19.1248,0.315769,841.3176499,94730.7
158.68781,-0.00460177,18.914474,0.282518,763.6507806,84755.4
158.81258,-0.40863737,20.357059,0.558678,1483.924482,167603.4
158.61488,-0.37605504,19.557274,1.86963,1026.726568,560889
158.46616,-0.40398281,18.847286,1.64843,740.3842985,494529
158.56387,-0.14530507,20.544413,0.456584,1617.642692,136975.2
158.56797,-0.17868389,19.014769,0.854849,799.7491736,256454.7
158.44241,-0.0376094,18.746639,1.17352,706.8508751,352056
158.15693,-0.02315653,20.089861,0.414319,1312.115905,124295.7
158.28719,-0.27708653,19.035267,0.970627,807.3342924,291188.1
158.24509,-0.10920678,20.018867,0.456985,1269.911336,137095.5
158.05927,-0.53255163,19.502987,1.78931,1001.376511,536793
158.01038,-0.4296777,19.047363,1.11657,811.8440274,334971
157.93954,-0.37137042,19.471745,1.42287,987.0723805,426861
158.09408,-0.06266266,19.085043,0.558692,826.0543071,167607.6
158.01976,-0.18864272,19.091949,1.87239,828.6856149,561717
157.95172,-0.60280935,18.602207,1.25724,661.3652925,377172
157.64447,-0.83341138,19.197813,0.298214,870.0868399,89464.2
157.56558,-1.1019692,18.980169,0.282218,787.1070458,84665.4
157.55672,-1.0156883,19.411797,2.04302,960.1949112,612906
157.68263,-0.59049095,19.239073,2.13869,886.7773666,641607
157.63089,-0.31737708,18.977379,0.561018,786.0963866,168305.4
157.33622,-0.79651288,18.271044,0.258699,567.817535,77609.7
157.48392,-0.57116942,20.08662,0.388098,1310.158986,116429.4
157.15168,-1.0776891,18.527214,0.948573,638.9145817,284571.9
157.15427,-1.0076586,18.198957,1.5318,549.2769822,459540
157.07102,-0.89729407,20.385752,0.438033,1503.662608,131409.9
157.13368,-0.76862868,17.935465,2.87747,486.5113763,863241
156.66845,-0.70180159,19.598738,0.364787,1046.520163,109436.1
157.19208,-1.0342218,19.6483,3.74159,1070.680764,1122477
156.63182,-0.4352781,21.108456,0.486714,2097.447987,146014.2
156.71666,-0.54900779,19.887865,0.434633,1195.56447,130389.9
156.59296,-0.55175076,20.279408,0.460719,1431.797501,138215.7
156.62559,-0.59820858,19.93998,0.42964,1224.60492,128892
156.98791,0.90193089,18.981647,0.284618,787.642968,85385.4
156.90169,0.75817815,18.972832,0.909085,784.4520459,272725.5
156.654,0.25841193,18.302994,2.17671,576.2338942,653013
156.76641,0.06346562,18.577984,0.25474,654.0286904,76422
156.54274,0.22386558,19.872511,0.312755,1187.140715,93826.5
157.37761,0.70221483,20.249613,0.508521,1412.285824,152556.3
157.35038,0.74014558,20.562914,0.319193,1631.483929,95757.9
156.94182,0.53472232,21.009348,0.613203,2003.870261,183960.9
156.9416,0.18685243,19.472218,0.324144,987.2874126,97243.2
157.37531,0.07802998,19.813423,0.32317,1155.272937,96951
156.92626,0.50939391,18.839664,0.252122,737.7900603,75636.6
157.08745,0.08832703,19.830713,0.366986,1164.508331,110095.8
156.92481,0.007026946,19.102571,0.284448,832.7491537,85334.4
157.51824,0.14235642,19.134195,1.34793,844.9655447,404379
157.89652,0.05616944,20.154255,0.397297,1351.608767,119189.1
158.16339,0.06505206,18.869156,1.18842,747.8787612,356526
158.00116,0.57455319,19.153154,1.28065,852.3751895,384195
158.16372,0.91740756,20.115017,0.386246,1327.40485,115873.8
158.65388,0.06951134,19.683886,0.280708,1088.371598,84212.4
158.48844,0.89027426,19.036398,1.7108,807.7548977,513240
158.41117,0.70737549,18.680056,0.361267,685.5059047,108380.1
158.9464,0.21106121,19.071785,1.78889,821.0261693,536667
158.67049,0.07909437,18.863161,2.20016,745.8168654,660048
159.02728,0.9688686,19.072371,0.307782,821.2477638,92334.6
159.0415,0.96065698,18.812473,0.311502,728.609115,93450.6
158.76512,1.0962168,24.468725,1.07605,9857.005525,322815
159.01339,0.79237063,19.521336,1.45979,1009.874021,437937
159.10711,0.6914869,17.981468,0.654845,496.9281507,196453.5
158.97472,0.7431858,19.220425,0.312709,879.1945757,93812.7
159.04555,0.54139815,19.417866,2.22262,962.8822924,666786
159.26938,0.25958258,19.441221,1.13399,973.2943449,340197
159.05394,0.18334324,19.292694,2.99321,908.9475011,897963
159.29083,0.04310239,19.961613,2.68057,1236.865854,804171
160.88251,-0.93237541,19.130371,0.304166,843.4788553,91249.8
160.54542,-1.0855791,19.371712,0.574308,942.6324799,172292.4
161.05551,-0.05686511,18.417061,0.279831,607.3124719,83949.3
161.13241,-0.18850828,19.31819,0.55859,919.6826637,167577
160.52563,-0.65487256,18.594252,0.286269,658.9468709,85880.7
160.38658,-0.84929597,18.359062,0.302749,591.3061555,90824.7
160.34518,-0.93846041,18.397697,0.497297,601.9208678,149189.1
160.79804,-0.32149551,27.022224,1.09018,31948.0827,327054
160.88533,-0.1312345,19.609728,0.382593,1051.830113,114777.9
160.90744,-0.19846936,19.521683,0.349861,1010.035411,104958.3
160.23508,-1.0663005,18.295853,0.250311,574.3420315,75093.3
160.72268,-0.21689202,18.687538,2.95967,687.8719497,887901
160.6797,-0.28498294,18.129869,1.96716,532.0761594,590148
160.63366,-0.3012325,19.498554,0.367972,999.3343141,110391.6
159.83681,-1.1040842,19.808977,0.384744,1152.909984,115423.2
160.46924,-0.18394002,19.17099,1.70876,859.4052452,512628
160.16723,-0.26135853,19.468285,4.29788,985.5008427,1289364
160.37575,0.0218959,18.1129,2.07459,527.9344469,622377
160.11796,-0.20321326,19.824139,0.411766,1160.988185,123529.8
159.84302,-0.56778968,18.767143,0.772482,713.5568835,231744.6
159.97331,-0.58890325,19.561153,0.385623,1028.562295,115686.9
159.79058,-1.1229047,19.3239,0.298726,922.1041997,89617.8
159.66101,-1.0839159,19.101854,0.31728,832.4742331,95184
159.60199,-1.0941455,19.76235,0.772815,1128.417986,231844.5
159.6482,-0.76628453,19.453346,0.382004,978.7441967,114601.2
159.69885,-0.88918742,19.132544,0.958532,844.32335,287559.6
159.77533,-0.09553422,19.007145,1.20447,796.9461924,361341
159.69497,-0.2019622,19.48781,0.356079,994.4020249,106823.7
159.41636,-0.87006757,19.004704,0.254949,796.0508309,76484.7
159.38845,-1.0730641,19.44313,0.379247,974.1503704,113774.1
159.28034,-0.94329628,18.260162,1.22418,564.9791228,367254
159.44756,-0.27886953,19.316498,1.49792,918.9663309,449376
159.06428,-1.0498176,18.901711,0.487614,759.1755277,146284.2
158.72374,-1.0330022,20.572884,1.51068,1638.991873,453204
159.21849,-0.8246021,19.491596,0.256724,996.1372945,77017.2
159.23178,-1.0829613,19.205944,1.55227,873.350956,465681
158.5884,-0.62563715,18.882185,1.72145,752.3795799,516435
158.99289,-0.37309256,19.550842,0.349236,1023.689857,104770.8
159.08195,1.0670503,19.584608,0.312428,1039.732454,93728.4
159.03166,0.95908887,17.516199,1.52917,401.0881213,458751
159.00569,1.0818299,20.443748,0.497095,1544.363753,149128.5
159.36438,0.60989185,19.270054,0.595345,899.5199504,178603.5
159.10256,0.70300601,18.99431,0.306861,792.2495478,92058.3
159.43519,0.46925581,18.045616,1.7327,511.8270093,519810
159.57424,0.31228015,18.253853,0.256231,563.3400137,76869.3
159.70051,0.79819114,19.551907,3.7673,1024.192049,1130190
159.72619,0.18642479,19.12495,0.306716,841.375768,92014.8
159.66501,1.0446604,19.911724,0.384478,1208.773137,115343.4
159.92676,0.99833971,18.91695,1.24652,764.5220224,373956
160.11915,0.08541405,18.889032,0.677534,754.7556973,203260.2
160.29107,0.18104515,19.101223,2.25924,832.2323626,677772
160.34195,0.26827989,19.017368,0.26067,800.7069535,78201
160.22137,0.2587666,19.544209,0.387931,1020.567655,116379.3
160.16136,0.32113822,18.885899,0.276042,753.6675211,82812.6
160.2413,0.16054336,20.380207,0.395029,1499.827803,118508.7
160.15366,0.7072403,18.943869,0.271355,774.0585285,81406.5
160.41088,0.83366496,19.345074,0.748171,931.1396065,224451.3
160.61301,0.7810109,18.721054,0.66117,698.5713978,198351
160.3882,0.18315986,19.675425,0.355914,1084.139081,106774.2
160.19357,0.99745934,20.093243,3.04652,1314.161077,913956
160.18247,1.094884,23.405876,1.08409,6041.923192,325227
160.05828,1.0133065,19.883181,0.42435,1192.988343,127305
160.7363,0.43480087,20.122463,0.472874,1331.964347,141862.2
160.74685,0.40402089,19.237623,0.306773,886.185419,92031.9
160.42432,1.0768818,19.904402,0.442466,1204.704132,132739.8
160.54377,0.92459548,20.247431,0.451843,1410.867404,135552.9
160.83991,0.72262799,19.240154,0.623832,887.218931,187149.6
160.62776,1.0004577,18.327423,1.39988,582.7531101,419964
160.75691,1.1152124,18.673615,0.264003,683.4755765,79200.9
160.94676,0.8342322,17.940397,1.25379,487.6176308,376137
162.34944,-0.9386225,19.592798,0.371729,1043.661349,111518.7
162.30564,-1.0037799,19.179731,1.99992,862.8716494,599976
162.89797,0.08629252,20.068153,0.430745,1299.064157,129223.5
162.88068,-0.16601562,18.663731,0.25871,680.371636,77613
162.92542,-0.12838374,19.710768,1.54489,1101.928968,463467
162.21047,-0.72233555,19.486876,0.347588,993.9744018,104276.4
162.1477,-0.66973679,18.645088,1.22155,674.5553638,366465
162.12005,-0.96306311,18.120441,1.73553,529.7710231,520659
162.36025,-0.06321311,19.771858,0.450493,1133.369706,135147.9
161.86454,-1.0892815,20.038116,0.476546,1281.218497,142963.8
161.84687,-1.0752751,20.621361,0.482766,1675.992998,144829.8
161.84098,-1.1191213,18.704214,2.18221,693.1748546,654663
161.88911,-0.78344513,18.346518,0.740061,587.9001893,222018.3
161.50198,-0.77149566,18.944967,0.258787,774.4500283,77636.1
161.55046,-0.66132343,19.024466,0.255043,803.3285465,76512.9
161.95751,0.01732062,20.525198,1.75049,1603.391585,525147
161.88559,-0.25990998,19.216402,0.30638,877.567235,91914
161.71246,-0.02086522,19.775829,0.442832,1135.44421,132849.6
161.82628,0.12180935,17.297503,1.2353,362.6607873,370590
161.80201,0.006070074,19.885778,0.44754,1194.415966,134262
161.40542,0.02124009,19.774519,0.44173,1134.759429,132519
161.46818,0.02864557,19.72987,0.442557,1111.665173,132767.1
161.60211,-0.08573404,19.79884,0.446539,1147.540442,133961.7
161.30756,-1.0463828,17.334064,0.968651,368.8185873,290595.3
161.14512,-1.0668212,19.862661,0.355085,1181.767929,106525.5
161.18442,-1.1076207,18.661541,1.02242,679.6858051,306726
161.1874,-0.72625568,19.575537,0.384134,1035.398187,115240.2
161.35852,-1.0200246,18.880665,2.09407,751.8531091,628221
161.35183,-0.95898137,20.7269,1.58824,1759.462439,476472
161.4281,-0.92147416,19.902925,0.347654,1203.884991,104296.2
161.45715,-1.1169181,18.629618,1.21432,669.7667754,364296
161.27635,-0.23090858,19.729496,0.382555,1111.473724,114766.5
161.34089,0.09768202,18.852383,0.304773,742.1242106,91431.9
161.20534,0.05034524,19.124786,0.442293,841.3122257,132687.9
160.95523,-0.94147099,19.092339,0.302523,828.8344615,90756.9
160.8813,-1.1257931,19.030178,0.361786,805.4444624,108535.8
160.94395,-1.0185491,18.755665,2.30848,709.795105,692544
160.95299,-0.83362332,19.00391,0.329478,795.7598077,98843.4
160.77506,0.16852475,18.54343,0.935205,643.7036919,280561.5
160.96206,0.17073715,18.920475,0.269057,765.7640961,80717.1
160.67248,-1.0287146,19.91057,2.96166,1208.130921,888498
160.54565,0.18008904,19.961201,0.396881,1236.631201,119064.3
160.49641,-0.19066896,18.990828,0.793506,790.9801776,238051.8
160.64108,1.0350792,18.569284,2.114,651.4135679,634200
160.76569,0.90129889,19.975592,0.384155,1244.853945,115246.5
160.3943,0.61986662,19.806536,0.382705,1151.6147,114811.5
160.46705,0.82632787,19.956242,0.476003,1233.810324,142800.9
160.43213,0.31894848,19.774296,0.388192,1134.6429,116457.6
160.16358,0.22690535,18.737612,1.23117,703.9185336,369351
160.42738,0.6752738,19.328259,1.27292,923.9570849,381876
160.82868,0.79645247,19.457317,2.56006,980.5356766,768018
161.19295,1.0225665,20.104118,0.472929,1320.759065,141878.7
161.00275,0.84833514,18.729984,1.71246,701.4501299,513738
161.09624,0.68213561,18.820572,1.33188,731.3317024,399564
161.44192,1.0269647,19.688566,0.340318,1090.719807,102095.4
161.28431,0.907703,19.095413,0.30246,830.0086148,90738
161.30149,0.92295405,19.1064,0.792515,834.218852,237754.5
161.40641,1.0604634,19.138437,1.33353,846.6178093,400059
161.46287,0.98788893,19.62344,0.336528,1058.493024,100958.4
161.3322,0.43737741,18.603361,0.379993,661.7168596,113997.9
161.35344,0.8318383,20.130604,0.464265,1336.967345,139279.5
161.46842,0.40290271,18.649023,0.555822,675.7788571,166746.6
161.66031,0.24528592,19.268892,0.34028,899.0387274,102084
161.74987,0.19967905,19.578333,0.379065,1036.73223,113719.5
161.87061,1.0176649,19.265068,1.77202,897.4568981,531606
161.89578,1.0325221,19.620663,3.72414,1057.140229,1117242
162.21787,0.26578371,18.267771,1.40109,566.9623241,420327
162.01211,0.46530171,19.359489,0.343755,937.3414019,103126.5
162.24026,0.19755667,19.713608,0.391451,1103.371088,117435.3
162.10783,0.93615105,19.613163,0.382126,1053.495294,114637.8
162.03225,0.92872036,20.798256,0.642921,1818.239968,192876.3
162.22512,0.93716589,20.08218,0.449706,1307.482847,134911.8
162.4453,0.83910149,19.55822,0.392437,1027.173958,117731.1
162.39467,1.1211576,19.574697,0.341704,1034.997736,102511.2
162.8837,0.39650285,20.167435,0.430494,1359.837458,129148.2
164.51315,-0.90420385,19.014082,1.95163,799.4961928,585489
164.18547,-1.0437731,19.948879,0.440911,1229.633821,132273.3
164.273,-1.1272137,18.732334,2.13114,702.2096607,639342
164.59855,-0.13383585,19.525402,0.367105,1011.766743,110131.5
164.72733,-0.41376187,20.391201,0.444434,1507.440572,133330.2
164.68092,-0.31322756,18.80912,1.92569,727.4849279,577707
163.77638,-0.82897008,19.072531,1.90961,821.3082778,572883
163.84407,-1.0494243,0,0.830999,0.125892541,249299.7
164.06341,-1.1546201,19.077099,1.18732,823.0378347,356196
164.01734,-1.1501323,20.294273,0.439589,1441.632618,131876.7
163.91887,-0.84887699,20.073292,0.416388,1302.142159,124916.4
163.86457,-0.47130389,19.114689,1.35564,837.4093391,406692
163.99234,-0.39009996,19.29999,0.311199,912.0066394,93359.7
164.08361,-0.14763764,18.167311,1.43914,541.3301297,431742
163.51206,-0.87213443,19.601677,0.309652,1047.937544,92895.6
163.67974,-1.1171644,20.054312,0.522219,1290.810234,156665.7
163.73766,-0.76473279,18.357763,0.916924,590.952535,275077.2
163.72023,-0.69027132,19.608994,0.346304,1051.474634,103891.2
163.79879,-0.33964733,19.324696,3.62279,922.4422788,1086837
163.67077,-0.34678907,17.918427,1.02153,482.7090042,306459
163.43045,-1.0648246,19.593948,0.349121,1044.214213,104736.3
163.30671,-1.0968165,19.770012,0.457936,1132.406621,137380.8
163.29482,-0.93867314,19.612894,0.373797,1053.364796,112139.1
163.31522,-0.85603763,19.619303,0.374454,1056.478346,112336.2
163.39698,-0.86535542,18.787069,1.06247,720.1348027,318741
163.40191,-1.0504926,19.945278,0.399862,1227.596383,119958.6
163.47031,-0.98131503,18.076162,1.57101,519.0777339,471303
163.60251,-0.42406873,19.141197,0.312364,847.6945676,93709.2
163.39838,-0.36603155,19.028002,2.27878,804.6377428,683634
163.42589,-0.2389271,19.133633,0.676162,844.746887,202848.6
163.55875,-0.30100604,18.854225,1.16178,742.7540012,348534
163.46944,-0.47141598,19.512878,0.346758,1005.948159,104027.4
163.4099,-0.46789186,18.677765,1.83882,684.7830469,551646
163.40298,-0.29090584,19.126446,0.482295,841.9556197,144688.5
163.30868,-0.42606256,19.968603,1.06766,1240.853757,320298
163.33512,-0.28044286,19.353642,4.30433,934.8208711,1291299
163.22749,-0.10718647,20.064581,4.18026,1296.928996,1254078
163.16413,-0.61870826,18.296696,2.25686,574.5650435,677058
163.15348,-0.29454128,22.43063,0.800941,3855.902111,240282.3
163.11808,-1.0800156,19.285723,0.435415,906.0342182,130624.5
162.79297,-0.06229311,19.189726,0.544921,866.852488,163476.3
162.95521,-0.24229002,19.867443,0.391394,1184.373277,117418.2
162.90158,-0.80191552,19.7547,1.28103,1124.449615,384309
162.96439,-0.85491191,15.607985,0.359315,166.5700822,107794.5
162.88064,-0.94812582,19.117123,0.262207,838.3485162,78662.1
162.46427,-0.54048574,19.465343,0.29492,984.1665498,88476
162.63785,-0.23189271,18.494396,1.27772,629.3311086,383316
162.72474,0.03712546,19.879816,0.661964,1191.141072,198589.2
162.22833,-0.84548849,18.410492,0.259179,605.478045,77753.7
162.59871,-1.0987453,19.207457,1.53903,873.9596861,461709
162.36193,-0.92691215,19.797241,0.42506,1146.695742,127518
161.91123,-0.05104702,20.461807,0.469072,1557.260974,140721.6
162.14889,0.000619637,18.686178,1.14286,687.4412682,342858
162.17096,0.01189052,18.864523,2.03044,746.2848065,609132
162.15585,-0.47046636,19.119915,3.9918,839.4271274,1197540
162.45133,0.98634812,19.039452,1.73925,808.8917388,521775
162.25716,0.9261072,18.194857,1.16296,548.2408599,348888
162.11941,0.23969476,19.288815,1.58249,907.3252562,474747
162.21891,0.54165019,18.402973,1.64623,603.3851257,493869
162.06406,0.55018337,20.145212,0.391177,1345.991756,117353.1
162.09469,0.04871516,19.620634,0.390129,1057.126111,117038.7
161.99225,0.19335573,20.18288,0.447985,1369.544033,134395.5
162.74077,1.0173642,19.592499,0.345344,1043.517652,103603.2
162.75104,0.84515201,20.427319,0.448785,1532.723443,134635.5
162.36229,0.40189895,21.124163,1.65311,2112.674547,495933
162.34301,0.22060476,20.574818,0.491639,1640.452274,147491.7
162.99575,0.84588205,19.495686,0.39225,998.0153017,117675
162.96599,1.052982,19.375048,0.265257,944.0817448,79577.1
162.88819,0.72844928,20.007711,0.473258,1263.403862,141977.4
162.85356,1.0224176,19.268551,0.345813,898.8975568,103743.9
162.668,0.52994788,21.690481,0.661955,2742.181522,198586.5
163.07329,0.87070945,20.403677,0.473614,1516.126365,142084.2
163.14702,0.08815976,18.931438,0.995553,769.6399452,298665.9
163.17456,0.17366371,19.764626,0.39238,1129.601343,117714
162.86584,0.64668407,17.776562,0.914092,452.1810937,274227.6
162.91513,0.68844167,19.589872,0.368638,1042.255991,110591.4
163.22838,0.14998782,19.807632,0.372334,1152.196098,111700.2
163.40012,0.1265866,18.85533,2.5768,743.1320636,773040
163.35907,0.40418231,19.665073,0.358371,1078.982995,107511.3
163.61299,0.40743487,18.398247,0.981551,602.0733442,294465.3
163.73763,0.5738993,20.131689,1.53779,1337.635543,461337
163.57625,0.10429247,19.153908,0.348374,852.671211,104512.2
163.40815,0.99966166,18.91382,0.476538,763.4208203,142961.4
163.38318,0.78372019,19.385157,1.47752,948.4870375,443256
163.38183,0.76027237,19.063717,1.76553,817.9813465,529659
163.58846,0.88956032,18.75794,1.29013,710.5391302,387039
163.41983,1.0599063,18.579393,3.67377,654.4532067,1102131
163.60827,1.1600894,24.896049,2.18204,12000.789,654612
163.7349,0.90052451,18.978733,1.03715,786.586702,311145
164.00989,0.53945177,19.775791,4.03615,1135.42434,1210845
164.09022,0.21212171,20.516853,1.71341,1597.241553,514023
163.92925,0.16711876,18.954456,1.1093,777.8416608,332790
163.8653,0.33376681,19.067572,1.14479,819.4347929,343437
163.8362,0.90771683,19.555405,0.360115,1025.843238,108034.5
164.07748,1.1333607,20.637661,1.59633,1688.621055,478899
163.83333,0.96641076,19.055918,1.81692,815.0487768,545076
164.4984,0.1478168,19.756647,0.374237,1125.458278,112271.1
164.424,0.16292163,19.94935,0.403933,1229.900562,121179.9
164.27888,1.1426912,19.941555,0.399836,1225.493466,119950.8
164.59242,0.86985431,19.932209,0.400215,1220.230286,120064.5
164.56064,0.94772253,20.118361,0.401303,1329.450587,120390.9
164.58444,0.54788745,18.931368,1.06916,769.6151353,320748
164.63727,0.44913092,19.582317,0.395216,1038.636068,118564.8
164.58208,0.06432932,18.795399,1.57714,722.9026221,473142
166.12556,-1.0563713,20.073044,0.419628,1301.993452,125888.4
166.09155,-1.1597775,20.206177,0.427496,1384.316515,128248.8
166.09283,-1.0360971,19.928421,0.426776,1218.103525,128032.8
165.98395,-1.0470971,22.509163,0.837348,3997.906197,251204.4
166.24094,-0.96420265,18.934927,0.275496,770.8775535,82648.8
166.619,-0.22391488,19.155788,0.252106,853.4097495,75631.8
166.38564,-0.6987528,20.17511,0.456051,1364.652264,136815.3
166.38935,-0.63579606,20.279652,0.608146,1431.958395,182443.8
166.46682,-0.38160052,20.152098,0.467277,1350.266833,140183.1
166.47766,-0.77671324,19.994759,0.425993,1255.890571,127797.9
165.70954,-0.99549193,18.609854,0.260732,663.6984448,78219.6
165.95256,-0.86826417,20.096199,0.465814,1315.951247,139744.2
165.77357,-1.1149432,20.353256,0.495965,1481.327891,148789.5
165.82235,-1.0702161,19.611223,0.394138,1052.554519,118241.4
165.85284,-0.95316726,19.953775,0.399677,1232.409394,119903.1
165.9367,-0.85073849,18.673475,1.72277,683.4315126,516831
165.7111,-1.016631,19.975965,0.398413,1245.067796,119523.9
166.12644,-0.55367956,19.054871,0.457106,814.6558866,137131.8
166.35681,-0.68473257,19.585569,0.333215,1040.192696,99964.5
166.25829,-0.74849605,19.089546,0.332475,827.76908,99742.5
166.17011,-0.07822975,19.10256,1.3429,832.7449353,402870
165.56363,-0.90576167,18.788977,0.269034,720.767839,80710.2
165.87635,-0.69736679,19.038826,0.270654,808.6585822,81196.2
165.91881,-0.5138738,20.694471,0.2578,1733.381671,77340
165.94657,-0.19334542,19.882345,0.384312,1192.52914,115293.6
165.86037,-0.11829192,19.080473,1.84551,824.3176521,553653
165.89182,-0.78802144,19.784637,0.402531,1140.059191,120759.3
165.3823,-1.0429913,19.286879,0.369836,906.5166809,110950.8
165.68087,-0.38910833,19.67734,2.49546,1085.095594,748638
165.77878,-0.72670688,19.060219,0.299649,816.6647305,89894.7
165.68711,-0.09998612,19.620502,0.387451,1057.061852,116235.3
165.79201,-0.21244379,19.186266,0.329554,865.4723547,98866.2
165.77791,-0.43231804,19.686844,0.408335,1089.855198,122500.5
165.81309,-0.25370137,19.38386,0.449114,947.9206843,134734.2
165.54573,-0.72186215,19.61652,0.347628,1055.125211,104288.4
165.60313,-0.66205818,20.202316,0.346429,1381.857309,103928.7
165.66319,-0.67561671,18.871325,1.33592,748.6261617,400776
165.67402,-0.43138579,19.904222,0.404261,1204.604275,121278.3
165.62145,-0.46304078,19.894348,0.407736,1199.139199,122320.8
165.6358,-0.41127737,19.896944,0.403926,1200.57363,121177.8
165.60111,-0.06496285,19.646147,0.386919,1069.619717,116075.7
165.46772,-0.39337486,20.515543,0.513013,1596.278264,153903.9
165.59665,-0.1840032,18.933311,0.254376,770.3040833,76312.8
165.5025,-0.70643215,18.625151,0.875897,668.3903945,262769.1
165.5357,-0.31341146,19.762274,0.403219,1128.378493,120965.7
165.57774,-0.12741216,19.902592,0.386775,1203.700387,116032.5
165.16458,-1.0828712,18.661182,0.251064,679.5734449,75319.2
165.2818,-0.98949192,18.622074,1.7408,667.4439488,522240
165.28521,-1.0640612,19.912758,0.377403,1209.348861,113220.9
165.24046,-0.88459432,17.699963,0.377831,436.5083945,113349.3
165.14066,-0.86794928,19.727026,0.391135,1110.210167,117340.5
165.21299,-0.88112613,19.902838,0.462919,1203.836758,138875.7
165.22558,-0.84400074,19.355743,0.5414,935.7257912,162420
165.11153,-0.99479674,19.754667,0.392862,1124.432527,117858.6
165.06511,-0.6466745,19.1399,0.252518,847.1883988,75755.4
165.27261,-0.53224583,19.854879,0.380308,1177.540356,114092.4
165.1351,-0.43416034,19.251696,1.5413,891.9473099,462390
164.7075,-1.1674962,19.107347,1.72482,834.5827423,517446
165.04025,-0.86263197,19.784792,0.348224,1140.140571,104467.2
164.9588,-0.91706267,20.524946,0.391605,1603.205522,117481.5
164.66233,-0.86781502,18.838501,0.268008,737.3950195,80402.4
164.77036,-0.3794198,20.363842,0.380349,1488.567045,114104.7
164.98404,-0.48082151,19.413935,0.346946,961.1407707,104083.8
164.899,-0.09757181,17.926552,0.282338,484.5185401,84701.4
164.92698,-0.38359397,19.507685,0.396992,1003.545343,119097.6
164.46996,-0.98564984,19.562517,0.46754,1029.208585,140262
164.33594,-1.1324847,19.484493,0.328941,992.8842006,98682.3
164.24771,-1.033109,19.237328,0.303464,886.0650366,91039.2
164.02891,-0.78208728,18.828066,0.335974,733.859972,100792.2
164.43465,-0.61859069,18.664461,2.16244,680.6004,648732
164.13419,-0.17811003,18.606413,5.45752,662.6475552,1637256
164.41777,-0.47890483,19.469139,0.289146,985.8884983,86743.8
164.14014,-0.73660974,20.343805,0.317012,1474.894649,95103.6
164.1781,-0.7155497,19.588909,0.759642,1041.793876,227892.6
164.69666,0.94907042,19.074818,2.32212,822.1737373,696636
164.57637,0.99978082,20.472059,0.466587,1564.630529,139976.1
164.67758,0.70810653,19.829784,0.440657,1164.010238,132197.1
164.53531,0.65852492,18.684072,2.81457,686.7748773,844371
164.3928,0.41555267,19.688183,0.34453,1090.527445,103359
164.78199,1.0509826,19.099817,1.33606,831.6936775,400818
164.76137,1.0678011,19.754446,4.09612,1124.318094,1228836
164.74582,1.1629163,20.162605,0.464719,1356.816137,139415.7
164.7173,0.3152923,19.709152,0.393279,1101.109222,117983.7
164.71937,0.15496893,19.022423,2.26934,802.5731013,680802
164.76801,0.59700141,19.543381,0.393035,1020.178578,117910.5
164.99967,0.16700478,19.963669,0.39001,1238.037501,117003
164.76176,0.06129771,19.940662,0.388951,1224.989595,116685.3
164.72763,0.067394,19.658775,0.391343,1075.858115,117402.9
165.03545,0.84106195,18.688992,2.13568,688.3326973,640704
165.13688,0.69825065,19.177454,1.53767,861.9673188,461301
164.97501,0.77990766,18.436852,2.0071,612.8728744,602130
165.01788,0.90216004,18.637508,2.02859,672.2047856,608577
165.29165,0.13335375,18.4531,0.268974,617.4758832,80692.2
165.2404,0.59575572,19.286057,0.347859,906.1735885,104357.7
165.09232,0.10579219,19.607635,0.400179,1050.816782,120053.7
165.17165,0.60888299,18.340197,2.01143,586.1913425,603429
165.27263,-0.0320377,18.634642,2.4659,671.3181669,739770
165.10009,0.03964651,19.602571,0.397718,1048.369071,119315.4
165.50041,1.1105058,19.881178,0.397458,1191.888419,119237.4
165.44955,0.17762094,20.411802,3.6878,1521.809882,1106340
165.3509,0.14866123,20.13055,0.399485,1336.934098,119845.5
165.31768,0.29431601,19.743992,0.364083,1118.91836,109224.9
165.47671,0.61891412,19.324375,0.343768,922.305928,103130.4
165.5884,0.18244593,19.23564,0.302828,885.3765192,90848.4
165.66217,0.39795703,18.206442,1.40948,551.1735903,422844
165.72575,0.02152589,19.554844,0.386554,1025.578245,115966.2
165.7614,0.15942054,18.836327,0.258389,736.6571356,77516.7
165.60956,0.59809134,18.717384,0.92805,697.3917412,278415
165.64723,0.41702261,18.709019,1.37893,694.7103993,413679
165.92987,0.48384452,18.832872,0.273224,735.4859825,81967.2
165.94417,-0.01919033,19.263191,0.331645,896.6814801,99493.5
165.80344,0.003462217,18.704481,0.27542,693.2600913,82626
165.82613,0.06858594,19.15448,0.281187,852.8958476,84356.1
165.98395,0.3767651,18.522768,0.274569,637.6077688,82370.7
165.89492,0.20220557,18.742123,1.05261,705.3823685,315783
165.67963,0.78908754,19.325665,1.686,922.8540022,505800
165.72718,0.90301374,18.858921,0.262651,744.3620101,78795.3
166.02335,0.62682294,19.694393,0.34192,1093.650611,102576
166.04063,0.10363385,19.821726,0.374438,1159.698779,112331.4
166.14424,-0.02465044,19.144077,2.39611,848.8196015,718833
165.96113,0.71187414,19.974724,0.409175,1244.356441,122752.5