id,longitud,latitud,radio,distancia
#         deg      deg     kpc   kpc
    1, 000.649, -00.080,  0.7,  7.8
    2, 000.729, -00.103,  0.1,  8.5
    3, 009.599, +00.199,  3.5,  5.2
    4, 009.613, +00.206,  3.5,  5.2
    5, 009.614, +00.200,  3.5,  5.2
    6, 010.160, -00.350,  6.5, 14.6
    7, 010.309, -00.149,  6.9, 15.1
    8, 010.453, +00.030,  3.0, 10.9
    9, 010.462, +00.034,  3.0, 10.9
   10, 010.464, +00.029,  3.0, 10.9
   11, 010.607, -00.344, 10.1, 18.3
   12, 010.612, -00.375,  9.4, 17.6
   13, 010.617, -00.335, 10.1, 18.3
   14, 010.618, -00.405,  9.1, 17.3
   15, 010.618, -00.383,  9.5, 17.7
   16, 010.621, -00.318, 10.1, 18.3
   17, 010.622, -00.380,  9.5, 17.7
   18, 010.623, -00.384,  9.5, 17.7
   19, 010.626, -00.373,  9.5, 17.7
   20, 010.630, -00.342,  9.9, 18.1
   21, 010.630, -00.338,  9.9, 18.1
   22, 010.631, -00.387,  9.5, 17.7
   23, 010.965, +00.007,  6.0, 14.1
   24, 011.112, -00.401,  8.2, 16.4
   25, 011.157, +00.058, 10.0, 18.2
   26, 011.662, -01.692,  6.0,  2.5
   27, 011.893, +00.749,  5.5,  3.2
   28, 012.014, -00.205,  9.5, 17.6
   29, 012.430, -00.048, 14.4, 22.6
   30, 012.474, -01.140,  4.5,  4.2
   31, 012.476, -01.102,  4.5,  4.2
   32, 012.632, -00.017,  5.0, 12.9
   33, 012.743, +00.391,  6.0,  2.6
   34, 012.775, +00.331,  6.4, 14.4
   35, 012.794, -00.199,  4.8,  3.8
   36, 012.796, -00.191,  4.8,  3.8
   37, 012.804, -00.206,  4.9,  3.8
   38, 012.805, -00.196,  4.9,  3.8
   39, 012.814, -00.199,  4.9,  3.8
   40, 012.878, +00.496,  6.1,  2.5
   41, 012.882, +00.481,  6.1,  2.5
   42, 012.908, -00.276,  5.1, 13.1
   43, 013.132, -00.148,  4.6, 12.5
   44, 014.332, -00.639,  7.4,  1.1
   45, 014.667, -00.477,  5.7, 13.5
   46, 015.098, -00.729,  6.6,  2.0
   47, 015.128, +03.310,  6.4,  2.2
   48, 015.656, -00.479,  9.5, 17.4
   49, 015.677, -00.288,  4.1, 11.6
   50, 016.286, -00.171,  4.7,  4.1
   51, 016.425, -00.200,  4.9,  3.9
   52, 016.648, -00.357,  4.9,  3.9
   53, 016.857, -01.155,  6.5,  2.2
   54, 016.944, -00.073,  9.3, 17.1
   55, 017.221, -00.187,  9.3, 17.1
   56, 017.233, -00.183,  9.3, 17.1
   57, 017.337, -00.145,  9.6, 17.3
   58, 017.638, +00.158,  6.2, 13.7
   59, 017.928, -00.677,  5.4, 12.8
   60, 018.076, +00.068,  4.5, 11.8
   61, 018.145, -00.280,  4.7,  4.2
   62, 018.152, +00.091,  4.8,  4.1
   63, 018.187, -00.415,  5.2,  3.6
   64, 018.195, -00.171,  5.1, 12.4
   65, 018.219, +00.398,  8.7, 16.3
   66, 018.253, -00.298,  4.9,  4.0
   67, 018.305, -00.391,  5.8,  3.0
   68, 018.329, +00.024,  4.9, 12.2
   69, 018.371, -00.382,  5.2,  3.7
   70, 018.451, -00.016,  4.7, 11.9
   71, 018.461, -00.003,  4.7, 11.9
   72, 018.584, +00.344,  7.4, 15.0
   73, 018.657, -00.056,  5.2, 12.5
   74, 018.665, +00.029,  3.9, 10.8
   75, 018.667, +00.050,  3.9, 10.8
   76, 018.670, +01.965,  6.0,  2.7
   77, 018.741, +00.251,  6.7, 14.2
   78, 018.761, +00.263,  6.6, 14.1
   79, 018.762, +00.270,  6.6, 14.1
   80, 018.766, +00.263,  6.6, 14.1
   81, 018.825, -00.467,  4.5,  4.5
   82, 018.832, -00.300,  5.1, 12.4
   83, 018.881, -00.493,  4.4,  4.6
   84, 018.978, +00.031,  4.9,  4.0
   85, 019.031, +00.424,  6.3, 13.7
   86, 019.045, -00.588,  4.3,  4.7
   87, 019.064, -00.282,  4.4,  4.6
   88, 019.078, -00.291,  4.4,  4.6
   89, 019.481, +00.156,  6.7, 14.1
   90, 019.490, +00.135,  6.7,  1.9
   91, 019.504, -00.449,  4.5,  4.5
   92, 019.505, -00.193,  5.6, 12.8
   93, 019.517, +00.084,  3.1,  9.3
   94, 019.554, -00.248,  5.4, 12.7
   95, 019.605, -00.905,  5.6, 12.8
   96, 019.609, -00.238,  5.5, 12.6
   97, 019.612, -00.254,  5.4,  3.4
   98, 019.629, -00.094,  4.7, 11.7
   99, 019.667, -00.308,  5.3, 12.5
  100, 019.677, -00.133,  4.8, 11.9
  101, 019.698, -00.268,  5.4, 12.6
  102, 019.716, -00.261,  5.4, 12.6
  103, 019.728, -00.113,  4.7, 11.7
  104, 019.741, +00.280,  7.0, 14.4
  105, 019.755, -00.128,  3.2,  9.4
  106, 019.781, +00.287,  9.9, 17.5
  107, 019.822, -00.324,  5.3,  3.5
  108, 019.876, -00.092,  3.2,  9.5
  109, 019.884, -00.533,  5.4,  3.5
  110, 019.971, +00.419,  7.1, 14.4
  111, 020.071, -00.143,  5.4, 12.6
  112, 020.077, -00.140,  5.4, 12.6
  113, 020.084, -00.134,  5.4, 12.6
  114, 020.098, -00.123,  5.4, 12.5
  115, 020.152, -00.056,  4.6, 11.5
  116, 020.227, +00.110,  6.6, 13.9
  117, 020.235, +00.085,  4.3, 11.1
  118, 020.297, -00.213,  3.7, 10.2
  119, 020.321, +00.076,  4.5, 11.3
  120, 020.363, -00.014,  4.9, 11.9
  121, 020.387, -00.018,  5.2, 12.2
  122, 020.433, +00.357, 10.0, 17.5
  123, 020.458, +00.022,  4.3, 11.1
  124, 020.542, -00.179,  5.2,  3.7
  125, 020.551, +00.053,  3.2,  9.1
  126, 020.729, -00.104,  4.9, 11.8
  127, 020.750, -00.090,  4.8, 11.7
  128, 020.762, -00.065,  4.9, 11.8
  129, 020.967, -00.455,  5.7, 12.8
  130, 020.988, +00.092,  6.9, 14.1
  131, 021.004, -00.056,  6.2, 13.4
  132, 021.138, -00.306,  5.9, 13.0
  133, 021.185, -00.342,  5.9, 13.0
  134, 021.191, -00.320,  5.9, 13.0
  135, 021.348, -00.136,  4.6,  4.5
  136, 021.357, -00.178,  3.9, 10.3
  137, 021.373, -00.228,  3.9, 10.4
  138, 021.386, -00.254,  3.9,  5.5
  139, 021.427, -00.546,  4.5,  4.7
  140, 021.494, -00.158,  4.9, 11.7
  141, 021.596, -00.161,  3.4,  6.7
  142, 021.597, -00.161,  3.4,  6.7
  143, 021.746, -00.034,  6.7, 13.8
  144, 021.873, -00.043,  7.1, 14.2
  145, 021.873, +00.006,  6.4, 13.5
  146, 021.884, -00.317,  4.3, 10.7
  147, 022.357, +00.064,  4.2,  5.1
  148, 022.724, -00.010,  5.8, 12.7
  149, 022.762, -00.492,  4.5,  4.8
  150, 022.780, -00.401,  4.6, 11.1
  151, 022.879, +00.645,  6.4,  2.4
  152, 022.953, -00.317,  4.6,  4.6
  153, 022.989, -00.359,  4.5,  4.8
  154, 023.042, -00.399,  4.6,  4.6
  155, 023.097, +00.527,  6.4,  2.4
  156, 023.156, -00.321,  4.5,  4.8
  157, 023.196, -00.001,  4.1, 10.2
  158, 023.240, -00.240,  4.5,  4.8
  159, 023.254, -00.240,  4.9,  4.3
  160, 023.264, +00.078,  4.4, 10.7
  161, 023.277, +00.314,  3.7,  6.2
  162, 023.424, -00.215,  3.9,  5.9
  163, 023.439, -00.241,  3.8,  6.0
  164, 023.572, -00.019,  4.1,  5.5
  165, 023.581, -00.400,  4.1,  5.4
  166, 023.585, +00.029,  4.1,  5.5
  167, 023.657, -00.128,  5.7,  3.2
  168, 023.661, -00.252,  4.8, 11.2
  169, 023.690, -00.205,  4.5, 10.7
  170, 023.703, -00.196,  4.5, 10.7
  171, 023.706, +00.166,  3.8,  6.0
  172, 023.708, +00.174,  3.9,  7.8
  173, 023.708, -00.205,  4.5, 10.7
  174, 023.713, +00.176,  3.9,  7.8
  175, 023.787, +00.224,  3.8,  9.4
  176, 023.873, -00.119,  4.6, 10.8
  177, 023.897, +00.064,  5.9,  3.0
  178, 023.907, +00.074,  5.9,  3.0
  179, 023.958, +00.149,  4.5,  4.9
  180, 023.981, -00.110,  4.6, 10.7
  181, 024.094, +00.456,  4.1,  5.6
  182, 024.126, -00.066,  4.3, 10.2
  183, 024.138, +00.123,  3.7,  8.9
  184, 024.139, +00.432,  4.0,  5.8
  185, 024.153, +00.163,  3.8,  7.8
  186, 024.184, +00.120,  3.6,  7.8
  187, 024.185, +00.212,  3.7,  9.1
  188, 024.217, -00.044,  4.4, 10.4
  189, 024.348, +00.089,  3.8,  9.2
  190, 024.357, +00.048,  3.6,  7.7
  191, 024.427, +00.221,  3.7,  7.7
  192, 024.438, +00.251,  3.7,  7.7
  193, 024.457, +00.489,  4.0,  5.8
  194, 024.494, -00.219,  4.0,  5.8
  195, 024.499, -00.039,  3.8,  9.2
  196, 024.507, -00.224,  4.0,  5.8
  197, 024.508, +00.240,  3.7,  8.8
  198, 024.713, -00.125,  3.8,  7.7
  199, 024.724, -00.083,  3.8,  9.1
  200, 024.729, +00.159,  3.8,  6.3
  201, 024.735, +00.087,  3.8,  6.4
  202, 024.789, +00.084,  3.8,  7.7
  203, 024.794, +00.096,  3.8,  7.7
  204, 024.844, +00.094,  3.8,  6.3
  205, 025.287, +00.298,  6.0,  2.9
  206, 025.292, -00.302,  5.0, 11.2
  207, 025.305, +00.532,  3.8,  7.7
  208, 025.383, -00.151,  5.2,  4.0
  209, 025.386, -00.347,  5.1, 11.2
  210, 025.396, -00.138,  4.2,  5.6
  211, 025.398, +00.034, 10.2, 17.3
  212, 025.398, +00.562,  7.3, 14.0
  213, 025.401, +00.022, 10.2, 17.3
  214, 025.460, -00.210,  3.7,  7.7
  215, 025.715, +00.048,  4.1,  9.5
  216, 025.724, +00.059,  4.1,  9.5
  217, 025.797, +00.240,  3.9,  6.6
  218, 025.801, -00.157,  4.2,  5.6
  219, 025.867, +00.119,  3.7,  8.0
  220, 026.319, -00.015,  4.1,  6.0
  221, 026.385, +01.401,  5.9,  3.0
  222, 026.418, +01.683,  5.9,  3.1
  223, 026.443, +01.742,  6.2,  2.6
  224, 026.521, -00.316,  4.1,  9.1
  225, 026.527, -00.266,  4.0,  9.0
  226, 026.542, +00.419,  4.4,  9.9
  227, 026.587, -00.026,  6.9,  1.8
  228, 026.596, +00.095,  4.1,  9.2
  229, 026.598, -00.024,  6.9,  1.8
  230, 026.610, -00.212,  4.0,  8.8
  231, 026.645, +00.019,  3.9,  7.6
  232, 026.796, +03.529,  5.8,  3.2
  233, 026.797, -00.112,  5.0, 10.8
  234, 026.803, +03.527,  5.8,  3.2
  235, 026.817, +00.240,  3.9,  7.6
  236, 026.985, -00.062,  4.7, 10.2
  237, 027.183, -00.083,  6.8, 13.2
  238, 027.186, -00.082,  6.8, 13.2
  239, 027.188, -00.080,  6.8, 13.2
  240, 027.224, +00.134,  4.0,  7.6
  241, 027.269, +00.148,  6.5, 12.8
  242, 027.279, +00.160,  6.3, 12.5
  243, 027.280, +00.144,  6.3, 12.5
  244, 027.281, -00.132,  4.4,  5.5
  245, 027.366, -00.164,  3.9,  7.5
  246, 027.476, +00.179,  6.4, 12.6
  247, 027.562, +00.084,  4.5,  9.8
  248, 027.565, +00.090,  4.5,  9.8
  249, 027.611, +00.020,  4.5,  9.7
  250, 027.682, +00.076,  4.2,  6.0
  251, 027.756, +00.050,  4.3,  5.9
  252, 027.772, +00.047,  4.3,  5.9
  253, 027.786, -00.275,  5.9,  3.2
  254, 027.934, +00.206,  6.0,  3.0
  255, 027.980, +00.080,  4.8, 10.3
  256, 027.997, +00.317,  4.4,  9.4
  257, 028.022, -00.042,  4.3,  9.0
  258, 028.147, +00.147,  4.5,  5.4
  259, 028.200, -00.050,  4.4,  5.8
  260, 028.226, +00.025,  4.8,  7.5
  261, 028.246, +00.013,  4.1,  7.5
  262, 028.287, -00.370,  5.8,  3.3
  263, 028.288, -00.365,  5.8,  3.3
  264, 028.305, -00.390,  4.8,  4.8
  265, 028.438, +00.014,  4.4,  5.8
  266, 028.558, +04.004,  8.1,  0.5
  267, 028.591, -00.352,  4.6,  5.4
  268, 028.597, +00.018,  4.2,  6.2
  269, 028.608, +00.020,  4.2,  6.2
  270, 028.610, +00.016,  4.2,  6.2
  271, 028.638, +00.194,  4.2,  7.5
  272, 028.652, +00.027,  4.3,  8.7
  273, 028.679, +00.044,  4.2,  7.5
  274, 028.688, +00.178,  4.6,  9.6
  275, 028.746, +03.459,  8.5,  0.1
  276, 028.775, +00.286,  4.1,  7.4
  277, 028.781, +00.231,  4.2,  7.4
  278, 028.788, +00.241,  4.2,  7.4
  279, 028.801, +00.170,  4.2,  8.2
  280, 028.823, -00.226,  4.5,  5.5
  281, 028.824, +00.236,  4.4,  8.9
  282, 028.862, +00.065,  4.3,  8.7
  283, 028.883, -00.019,  4.3,  7.4
  284, 028.983, -00.603,  5.7,  3.5
  285, 029.000, +00.085,  5.2, 10.6
  286, 029.020, +00.166,  5.6, 11.2
  287, 029.066, +00.387,  7.1, 13.2
  288, 029.111, -00.023,  5.7, 11.4
  289, 029.166, -00.035,  5.4, 10.9
  290, 029.401, -00.093,  4.3,  7.4
  291, 029.475, -00.178,  4.3,  7.4
  292, 029.580, -00.675,  4.9,  4.8
  293, 029.587, -00.659,  4.9,  4.8
  294, 029.590, -00.614,  5.0,  4.7
  295, 029.598, -00.625,  5.0,  4.7
  296, 029.811, +02.216,  6.0,  3.1
  297, 029.816, +02.226,  6.0,  3.1
  298, 029.832, -00.100,  4.4,  6.1
  299, 029.862, -00.059,  4.4,  6.3
  300, 029.928, -00.056,  4.4,  6.1
  301, 029.956, -00.019,  4.6,  9.1
  302, 030.004, -00.266,  4.4,  7.4
  303, 030.010, -00.273,  4.4,  7.4
  304, 030.014, +00.017,  4.3,  7.4
  305, 030.022, -00.042,  4.5,  8.9
  306, 030.026, +00.109,  4.4,  7.4
  307, 030.031, +00.005,  4.3,  7.4
  308, 030.037, -00.166,  4.4,  8.7
  309, 030.196, -00.171,  4.4,  7.3
  310, 030.219, -00.179,  4.3,  7.3
  311, 030.234, -00.139,  4.3,  7.3
  312, 030.252, +00.053,  5.2,  4.5
  313, 030.297, +00.055,  4.3,  7.3
  314, 030.303, +00.041,  4.3,  7.3
  315, 030.311, -00.214,  4.3,  7.3
  316, 030.321, -00.209,  4.3,  7.3
  317, 030.337, -00.118,  4.3,  7.3
  318, 030.338, -00.251,  4.4,  8.2
  319, 030.365, -00.490,  4.4,  8.2
  320, 030.380, -00.110,  4.4,  6.2
  321, 030.411, -00.228,  4.3,  7.3
  322, 030.425, +00.463,  7.1, 13.0
  323, 030.468, +00.394,  5.6,  3.8
  324, 030.533, +00.021,  5.9, 11.4
  325, 030.545, +00.027,  5.9, 11.4
  326, 030.547, +00.014,  6.0, 11.4
  327, 030.586, -00.097,  4.4,  7.3
  328, 030.589, -00.043,  6.2, 11.7
  329, 030.594, -00.128,  4.8,  5.2
  330, 030.600, -00.343,  4.3,  7.3
  331, 030.653, +00.219,  4.4,  7.3
  332, 030.658, +00.230,  4.4,  7.3
  333, 030.663, -00.127,  4.3,  7.3
  334, 030.689, -00.075,  4.7,  5.5
  335, 030.690, -00.258,  4.5,  8.4
  336, 030.692, -00.048,  4.7,  5.4
  337, 030.696, +00.231,  4.3,  7.3
  338, 030.720, -00.082,  4.6,  5.8
  339, 030.759, -00.046,  4.6,  5.7
  340, 030.760, +00.206,  4.5,  7.3
  341, 030.818, +00.272,  4.5,  6.1
  342, 030.867, +00.113,  6.3,  2.8
  343, 030.870, -00.108,  4.4,  7.3
  344, 030.881, +00.074,  5.1,  4.7
  345, 030.898, +00.147,  4.4,  7.3
  346, 030.906, +00.161,  4.4,  7.3
  347, 030.928, -00.032,  5.3,  4.3
  348, 030.938, -00.024,  5.3,  4.3
  349, 030.955, +00.079,  4.4,  6.6
  350, 030.958, +00.087,  6.3, 11.8
  351, 030.963, +00.084,  6.3, 11.8
  352, 030.969, +00.212,  4.4,  7.3
  353, 030.974, +00.235,  4.4,  7.3
  354, 030.992, +00.239,  4.4,  7.3
  355, 030.992, -00.077,  4.9,  5.1
  356, 030.996, -00.076,  4.9,  5.1
  357, 031.017, -00.039,  4.4,  8.0
  358, 031.049, +00.470,  6.6, 12.2
  359, 031.054, +00.491,  6.9, 12.6
  360, 031.138, +00.286,  4.4,  7.3
  361, 031.159, +00.046,  6.4, 11.9
  362, 031.165, -00.104,  6.2, 11.7
  363, 031.242, -00.109,  7.3, 13.1
  364, 031.244, -00.113,  7.3, 13.1
  365, 031.268, +00.479,  9.2, 15.3
  366, 031.270, +00.064,  4.4,  7.3
  367, 031.279, +00.062,  4.4,  7.3
  368, 031.303, -00.134,  6.2,  2.9
  369, 031.331, -00.158,  6.2, 11.7
  370, 031.394, -00.258,  4.8,  9.1
  371, 031.403, -00.267,  4.8,  9.1
  372, 031.413, +00.309,  4.5,  6.6
  373, 031.470, -00.344,  4.8,  9.0
  374, 031.561, +00.377,  7.1, 12.8
  375, 031.568, +00.079,  4.6,  6.1
  376, 031.568, -00.270,  4.5,  8.2
  377, 031.578, +00.104,  4.5,  6.5
  378, 031.581, +00.075,  4.6,  6.1
  379, 031.661, +00.367,  7.0, 12.7
  380, 031.677, +00.179,  4.5,  7.2
  381, 031.727, +00.698, 13.3, 19.7
  382, 031.881, +01.417,  5.9,  3.4
  383, 031.916, +00.197,  4.5,  7.2
  384, 032.030, +00.049,  4.7,  7.2
  385, 032.058, +00.077,  4.6,  7.2
  386, 032.100, +00.089,  4.7,  8.5
  387, 032.112, +00.096,  4.6,  7.2
  388, 032.117, +00.091,  4.6,  7.2
  389, 032.123, +00.087,  4.6,  7.2
  390, 032.124, +00.094,  4.6,  7.2
  391, 032.152, +00.131,  4.7,  6.1
  392, 032.272, -00.226,  7.2, 12.8
  393, 032.463, +00.193,  6.0, 11.1
  394, 032.473, +00.204,  6.1, 11.2
  395, 032.582, +00.001,  5.1,  9.4
  396, 032.587, -00.330,  4.6,  7.2
  397, 032.710, -00.061,  4.6,  7.2
  398, 032.733, +00.209,  7.6, 13.2
  399, 032.794, +00.206,  7.6, 13.2
  400, 032.800, +00.190,  7.5, 13.1
  401, 032.824, +00.072,  4.6,  7.1
  402, 032.835, +00.017,  4.6,  7.1
  403, 032.870, -00.427,  6.0, 10.9
  404, 032.928, +00.606, 12.9, 19.2
  405, 032.957, +00.125,  5.2,  4.8
  406, 032.983, -00.338,  6.0, 11.0
  407, 032.990, +00.040,  4.8,  8.6
  408, 033.051, -00.078,  4.7,  7.1
  409, 033.080, +00.073,  4.9,  8.7
  410, 033.111, -00.095,  5.2,  4.8
  411, 033.134, -00.093,  4.9,  5.6
  412, 033.205, -00.012,  4.7,  7.1
  413, 033.263, +00.067,  4.7,  7.1
  414, 033.288, -00.018,  4.7,  7.1
  415, 033.403, +00.006,  4.7,  7.1
  416, 033.419, -00.004,  5.2,  9.3
  417, 033.643, -00.228,  4.7,  7.1
  418, 033.650, -00.025,  4.7,  7.1
  419, 033.654, -00.016,  4.7,  7.1
  420, 033.809, -00.190,  6.4, 11.4
  421, 033.810, -00.185,  6.4, 11.4
  422, 033.813, -00.149,  6.0, 10.8
  423, 033.882, +00.057,  6.4, 11.4
  424, 033.915, +00.108,  4.7,  7.1
  425, 033.942, -00.039,  5.8, 10.4
  426, 034.041, +00.053,  6.6, 11.6
  427, 034.046, +00.053,  6.6, 11.6
  428, 034.050, -00.297,  7.9, 13.3
  429, 034.089, +00.438,  6.8, 11.8
  430, 034.133, +00.471,  6.7, 11.7
  431, 034.256, +00.136,  5.9,  3.5
  432, 034.333, +00.213,  5.6, 10.0
  433, 034.404, +00.228,  7.3,  1.6
  434, 034.686, +00.068,  6.0, 10.6
  435, 034.757, +00.022,  5.3,  4.9
  436, 034.757, -00.668,  6.0,  3.4
  437, 034.821, +00.351,  5.8,  3.7
  438, 034.925, -00.082,  6.2, 10.8
  439, 034.940, +00.074,  6.3, 10.9
  440, 034.997, +00.331,  5.8, 10.2
  441, 035.040, -00.500,  6.2, 10.7
  442, 035.051, -00.520,  6.2, 10.7
  443, 035.064, +00.330,  5.9, 10.2
  444, 035.187, +00.893,  5.3,  8.9
  445, 035.197, -00.742,  6.8,  2.2
  446, 035.197, -01.756,  6.1,  3.3
  447, 035.244, -01.750,  6.1,  3.3
  448, 035.467, +00.004,  5.8, 10.0
  449, 035.468, +00.139,  5.2,  5.3
  450, 035.543, +00.007,  5.9, 10.1
  451, 035.555, +00.015,  6.0,  3.6
  452, 035.560, -00.823,  5.8,  9.9
  453, 035.571, +00.072,  6.2, 10.7
  454, 035.577, -00.031,  6.0, 10.4
  455, 035.579, +00.066,  6.2,  3.2
  456, 035.650, -00.052,  6.1, 10.4
  457, 035.746, +00.157,  5.1,  6.9
  458, 035.854, +00.267,  7.0,  2.0
  459, 035.949, -00.148,  6.1,  3.4
  460, 036.193, -00.171,  5.2,  6.9
  461, 036.268, +00.698,  5.3,  5.1
  462, 036.405, +00.022,  6.0,  3.5
  463, 036.459, -00.183,  5.4,  8.9
  464, 036.783, -00.207,  5.3,  6.8
  465, 036.792, -00.194,  5.3,  6.8
  466, 036.870, +00.462, 11.0, 16.5
  467, 036.878, -00.473,  5.8,  4.0
  468, 036.895, -00.134,  5.3,  6.8
  469, 036.919, +00.482, 11.8, 17.4
  470, 036.993, -00.230,  5.3,  6.8
  471, 037.029, -00.202,  5.2,  6.8
  472, 037.176, -00.439,  6.7, 11.1
  473, 037.200, -00.430,  6.6, 11.0
  474, 037.258, +00.084,  5.1,  6.8
  475, 037.259, -00.083,  6.5, 10.8
  476, 037.261, +00.077,  5.1,  6.8
  477, 037.266, +00.082,  5.1,  6.8
  478, 037.270, +00.089,  5.1,  6.8
  479, 037.319, +00.162,  5.2,  6.8
  480, 037.320, +00.169,  5.2,  6.8
  481, 037.344, +00.684,  6.4, 10.5
  482, 037.347, -00.146,  6.1, 10.0
  483, 037.363, -00.234,  6.6, 10.9
  484, 037.446, -00.211,  5.7,  9.3
  485, 037.469, -00.104,  5.9,  9.6
  486, 037.498, +00.530,  8.0, 12.8
  487, 037.544, -00.114,  6.2, 10.2
  488, 037.640, -00.106,  6.3, 10.4
  489, 037.642, -00.112,  6.1, 10.0
  490, 037.678, +00.156,  5.2,  6.7
  491, 037.751, -00.110,  6.2, 10.1
  492, 037.754, +00.560,  7.6, 12.2
  493, 037.763, -00.211,  5.7,  9.1
  494, 037.816, -00.379,  5.8,  9.2
  495, 037.820, +00.414,  7.4, 11.9
  496, 037.868, -00.601,  6.3, 10.2
  497, 037.872, -00.398,  5.9,  9.5
  498, 038.045, -00.034,  5.9,  9.5
  499, 038.121, -00.226,  5.2,  6.7
  500, 038.550, +00.163,  7.2, 11.5
  501, 038.643, -00.227,  5.8,  9.0
  502, 038.652, +00.087, 12.3, 17.8
  503, 038.693, -00.452,  6.2,  9.9
  504, 038.738, -00.140,  5.9,  9.2
  505, 038.840, +00.495, 12.7, 18.2
  506, 038.861, -00.134,  5.8,  8.9
  507, 038.875, +00.308,  9.7, 14.8
  508, 039.176, -00.398,  6.1,  9.4
  509, 039.196, +00.225, 10.3, 15.4
  510, 039.225, -00.053,  7.5, 11.8
  511, 039.249, -00.063,  7.4, 11.6
  512, 039.389, -00.143,  5.8,  4.5
  513, 039.389, -00.143,  5.8,  4.5
  514, 039.545, -00.366,  6.1,  9.4
  515, 039.728, -00.396,  6.0,  9.1
  516, 039.856, -00.184,  6.0,  9.0
  517, 039.865, +00.646, 12.3, 17.6
  518, 039.874, -00.176,  6.0,  9.0
  519, 039.883, -00.346,  6.0,  9.0
  520, 039.888, -01.272,  6.5,  3.0
  521, 039.901, -01.321,  6.5,  3.0
  522, 039.902, -01.352,  6.4,  3.2
  523, 039.925, -00.378,  5.7,  6.5
  524, 040.017, -00.120,  5.5,  6.5
  525, 040.141, +01.577,  7.4,  1.5
  526, 040.282, -00.220,  5.6,  6.5
  527, 040.285, -00.239,  5.6,  5.3
  528, 040.430, +00.698,  7.5, 11.6
  529, 040.503, +02.537,  7.4,  1.6
  530, 040.545, +02.596,  6.9,  2.2
  531, 040.798, -00.131,  5.8,  6.4
  532, 040.966, -00.620,  6.0,  4.2
  533, 041.075, -00.161,  6.0,  8.7
  534, 041.129, -00.558,  5.9,  6.4
  535, 041.235, +00.367,  5.7,  5.4
  536, 041.376, +00.032,  6.0,  4.2
  537, 041.382, +00.038,  6.0,  4.2
  538, 041.512, +00.022,  7.7, 11.6
  539, 041.517, -00.141,  6.1,  8.7
  540, 041.740, +00.096,  8.0, 12.0
  541, 041.928, -00.125,  7.6, 11.4
  542, 041.929, +00.030,  7.5, 11.3
  543, 042.008, +00.353, 12.0, 16.9
  544, 042.065, +00.244,  7.7, 11.5
  545, 042.104, -00.623,  5.9,  7.7
  546, 042.111, -00.444,  6.3,  8.9
  547, 042.137, -00.079,  6.7,  9.8
  548, 042.217, -00.579,  5.7,  6.3
  549, 042.390, -00.381,  5.9,  4.8
  550, 042.434, -00.275,  6.0,  8.1
  551, 042.563, -00.107,  5.9,  7.4
  552, 043.078, +00.002,  7.9, 11.6
  553, 043.095, -00.040,  8.5, 12.4
  554, 043.098, -00.052,  8.5, 12.4
  555, 043.146, +00.014,  8.4, 12.3
  556, 043.149, +00.029,  8.2, 12.0
  557, 043.152, +00.011,  8.4, 12.3
  558, 043.154, -00.039,  8.2, 12.0
  559, 043.155, +00.019,  8.4, 12.3
  560, 043.162, -00.070,  8.4, 12.2
  561, 043.166, -00.030,  8.2, 12.0
  562, 043.171, -00.003,  8.2, 12.0
  563, 043.176, -00.518,  6.1,  8.1
  564, 043.176, +00.025,  8.0, 11.7
  565, 043.176, -00.022,  7.8, 11.4
  566, 043.180, +00.021,  8.0, 11.7
  567, 043.182, -00.037,  8.0, 11.7
  568, 043.183, -00.026,  8.2, 12.0
  569, 043.184, +00.018,  8.0, 11.7
  570, 043.186, -00.525,  6.1,  8.1
  571, 043.238, -00.044,  8.1, 11.8
  572, 043.240, +00.131,  8.0, 11.6
  573, 043.306, -00.211,  6.1,  4.3
  574, 043.432, +00.517,  9.5, 13.6
  575, 043.516, +00.019,  6.0,  6.2
  576, 043.523, -00.648,  6.2,  8.3
  577, 043.525, +00.012,  6.0,  6.2
  578, 043.530, +00.021,  6.0,  6.2
  579, 043.537, +00.019,  6.0,  6.2
  580, 043.730, +00.115,  5.9,  6.1
  581, 043.774, +00.058,  5.9,  6.1
  582, 043.793, -00.121,  6.7,  9.2
  583, 043.794, -00.129,  6.7,  9.2
  584, 043.818, +00.395,  9.3, 13.3
  585, 043.888, -00.799,  6.3,  3.9
  586, 043.890, -00.780,  6.3,  8.4
  587, 043.895, +00.198, 11.6, 16.1
  588, 043.968, +00.993, 10.0, 14.1
  589, 043.995, -00.010,  6.0,  6.9
  590, 044.007, -00.015,  6.0,  6.9
  591, 044.225, +00.085,  6.1,  7.7
  592, 044.280, -00.526,  5.9,  6.4
  593, 044.310, +00.041,  6.2,  7.9
  594, 044.332, -00.837,  6.1,  6.1
  595, 044.379, -00.327,  6.1,  6.1
  596, 044.418, +00.536, 13.7, 18.4
  597, 044.501, +00.332, 12.1, 16.6
  598, 044.521, +00.385, 12.9, 17.5
  599, 044.553, -00.239,  6.2,  6.1
  600, 044.812, -00.492,  6.6,  8.9
  601, 044.904, -00.732,  6.0,  6.0
  602, 045.002, -00.610,  6.1,  6.0
  603, 045.070, +00.132,  6.2,  6.0
  604, 045.119, +00.144,  6.2,  7.7
  605, 045.122, +00.133,  6.2,  6.0
  606, 045.129, +00.131,  6.2,  6.0
  607, 045.132, +00.128,  6.2,  6.0
  608, 045.133, +00.146,  6.2,  6.0
  609, 045.133, +00.133,  6.2,  6.0
  610, 045.195, -00.439,  6.0,  6.0
  611, 045.197, +00.740, 11.2, 15.5
  612, 045.391, -00.724,  6.4,  8.0
  613, 045.453, +00.045,  6.3,  7.7
  614, 045.463, +00.028,  6.2,  7.4
  615, 045.466, +00.045,  6.1,  6.5
  616, 045.467, +00.136,  6.1,  6.0
  617, 045.470, +00.134,  6.1,  6.0
  618, 045.475, +00.130,  6.3,  7.7
  619, 045.485, +00.144,  6.1,  6.0
  620, 045.542, -00.006,  6.3,  6.0
  621, 045.544, -00.035,  6.3,  6.0
  622, 045.634, -00.016,  8.1, 11.4
  623, 045.806, -00.353,  6.2,  5.9
  624, 045.825, -00.290,  6.1,  6.6
  625, 045.839, -00.295,  6.1,  5.9
  626, 045.933, -00.402,  6.1,  5.9
  627, 046.114, +00.397,  6.3,  5.9
  628, 046.174, +00.533,  8.3, 11.5
  629, 046.213, +00.548,  8.3, 11.5
  630, 046.495, -00.240,  6.3,  4.7
  631, 046.948, +00.371, 12.1, 16.2
  632, 047.028, +00.216,  6.3,  5.8
  633, 047.095, +00.492, 13.3, 17.5
  634, 047.100, +00.480, 13.6, 17.8
  635, 048.418, +00.118,  7.8, 10.2
  636, 048.548, -00.005,  7.7,  9.9
  637, 048.599, +00.045,  7.7, 10.0
  638, 048.604, +00.023,  7.7, 10.0
  639, 048.630, +00.230,  8.1, 10.7
  640, 048.635, +00.231,  7.9, 10.3
  641, 048.679, +00.225,  8.0, 10.4
  642, 048.923, -00.284,  6.4,  5.4
  643, 049.003, -00.302,  6.4,  5.4
  644, 049.052, -00.254,  6.4,  5.4
  645, 049.078, -00.375,  6.4,  5.4
  646, 049.163, -00.066,  6.4,  5.4
  647, 049.163, -00.213,  6.4,  5.6
  648, 049.201, -00.365,  6.4,  5.4
  649, 049.267, -00.337,  6.4,  5.5
  650, 049.287, -00.057,  6.4,  5.5
  651, 049.355, -00.298,  6.5,  5.5
  652, 049.358, -00.300,  6.5,  5.5
  653, 049.380, -00.264,  6.6,  5.5
  654, 049.381, -00.170,  6.6,  5.5
  655, 049.390, -00.325,  6.5,  5.5
  656, 049.395, -00.367,  6.5,  5.5
  657, 049.400, -00.489,  6.5,  5.5
  658, 049.409, +00.333,  9.9, 13.1
  659, 049.413, -00.376,  6.5,  5.5
  660, 049.420, +00.320,  9.9, 13.1
  661, 049.420, -00.373,  6.5,  5.5
  662, 049.428, -00.464,  6.5,  5.4
  663, 049.431, -00.008,  6.5,  5.5
  664, 049.456, -00.357,  6.5,  5.5
  665, 049.474, -00.329,  6.5,  5.5
  666, 049.485, -00.390,  6.5,  5.4
  667, 049.488, -00.352,  6.5,  5.5
  668, 049.490, -00.377,  6.5,  5.4
  669, 049.491, -00.369,  6.5,  5.5
  670, 049.491, -00.367,  6.5,  5.5
  671, 049.494, -00.344,  6.5,  5.5
  672, 049.495, -00.348,  6.5,  5.5
  673, 049.498, -00.471,  6.5,  5.5
  674, 049.501, -00.524,  6.5,  5.4
  675, 049.503, -00.348,  6.5,  5.5
  676, 049.528, -00.338,  6.5,  5.5
  677, 049.536, -00.386,  6.5,  5.5
  678, 049.554, -00.333,  6.5,  5.5
  679, 049.583, -00.383,  6.5,  5.4
  680, 049.593, -00.455,  6.5,  5.4
  681, 049.667, -00.456,  6.5,  5.4
  682, 049.691, -00.166,  6.5,  5.4
  683, 049.720, -00.015,  6.7,  5.5
  684, 049.733, -00.633,  6.5,  5.5
  685, 049.828, +00.366,  8.4, 10.8
  686, 049.840, +00.368,  8.4, 10.8
  687, 049.997, -00.129,  6.6,  5.5
  688, 049.998, -00.086,  6.5,  5.5
  689, 050.039, -00.274,  6.5,  5.5
  690, 050.079, +00.571,  8.7, 11.2
  691, 050.137, -00.659,  6.5,  5.4
  692, 050.220, -00.605,  6.9,  3.1
  693, 050.263, -00.409,  8.1, 10.2
  694, 050.288, -00.391,  8.1, 10.2
  695, 050.298, +00.674,  7.4,  8.9
  696, 050.317, -00.420,  8.1, 10.2
  697, 050.489, +00.993,  6.6,  5.4
  698, 050.785, +00.168,  6.7,  5.4
  699, 051.010, +00.060,  6.9,  7.2
  700, 051.401, -00.890,  6.6,  5.3
  701, 051.679, +00.719,  8.5, 10.5
  702, 051.681, -00.256,  6.7,  5.3
  703, 051.760, +00.791,  8.5, 10.5
  704, 051.779, +00.714,  8.5, 10.7
  705, 051.820, +01.247,  6.8,  5.3
  706, 051.831, +00.463,  8.4, 10.3
  707, 052.098, +01.042,  6.8,  4.0
  708, 052.160, +00.708,  8.2, 10.0
  709, 052.201, +00.752,  8.2,  9.9
  710, 052.202, +00.723,  8.5, 10.6
  711, 052.207, +00.688,  8.4, 10.3
  712, 052.232, +00.735,  8.8, 10.9
  713, 052.256, +00.703,  8.3, 10.0
  714, 052.398, -00.590,  6.7,  5.2
  715, 052.538, -00.946,  6.7,  5.2
  716, 052.540, -00.927,  6.7,  5.2
  717, 052.657, -01.086,  6.8,  5.2
  718, 052.669, -01.092,  6.8,  5.2
  719, 052.751, +00.335,  7.9,  9.1
  720, 052.767, +00.334,  7.9,  9.1
  721, 052.848, -00.664,  6.8,  5.1
  722, 052.921, -00.489,  6.8,  5.1
  723, 052.981, +00.134,  8.5, 10.3
  724, 053.036, +00.114,  8.4, 10.0
  725, 053.095, +00.212,  8.5, 10.3
  726, 053.169, -00.248,  6.8,  5.1
  727, 053.184, +00.155,  8.2,  9.7
  728, 053.188, +00.210,  8.4, 10.0
  729, 053.592, -00.249,  6.8,  5.0
  730, 053.630, -00.239,  6.8,  5.0
  731, 053.645, +00.015,  7.3,  7.5
  732, 053.822, -00.057,  6.9,  5.0
  733, 053.958, +00.032,  7.0,  5.0
  734, 054.491, +00.930,  7.3,  7.3
  735, 054.717, -00.144,  7.3,  7.2
  736, 054.779, +00.862,  7.0,  4.9
  737, 055.114, +02.422, 16.1, 19.4
  738, 055.856, -03.802,  7.4,  2.3
  739, 055.997, -00.086,  7.0,  4.8
  740, 056.083, -00.175,  7.1,  4.7
  741, 056.154, +00.076,  8.7,  9.9
  742, 056.251, -00.157,  7.2,  4.7
  743, 056.264, -00.171,  7.2,  4.7
  744, 056.369, -00.633,  7.3,  4.7
  745, 056.412, +00.423,  8.8,  9.9
  746, 056.413, -00.027,  8.9, 10.0
  747, 056.806, -00.421,  9.0, 10.2
  748, 057.542, -00.279,  8.3,  8.8
  749, 057.546, -00.274,  8.3,  8.8
  750, 058.453, +00.431,  7.2,  4.4
  751, 058.467, +00.436,  7.2,  4.4
  752, 058.477, +00.428,  7.2,  4.4
  753, 058.770, +00.649,  7.4,  4.4
  754, 059.321, -00.222,  7.5,  4.3
  755, 059.557, -00.185,  7.4,  4.3
  756, 059.603, +00.911,  7.3,  4.3
  757, 059.612, +00.918,  7.3,  4.3
  758, 059.635, -00.182,  7.5,  4.3
  759, 059.781, +00.065,  7.6,  2.2
  760, 059.797, +00.241,  8.8,  9.1
  761, 059.801, +00.630,  7.3,  4.3
  762, 059.829, +00.671,  7.3,  4.3
  763, 061.292, -00.331,  9.4,  9.9
  764, 061.473, +00.095,  7.5,  4.1
  765, 061.721, +00.863, 14.4, 16.3
  766, 062.578, +02.389, 13.6, 15.2
  767, 062.873, +00.888,  7.7,  3.9
  768, 063.052, -00.332,  9.1,  8.8
  769, 063.113, +00.341,  7.8,  3.8
  770, 063.119, +00.331,  7.8,  3.8
  771, 064.066, +01.647,  7.6,  3.7
  772, 064.131, -00.474,  7.7,  3.7
  773, 064.152, +01.281, 12.1, 13.1
  774, 066.608, +02.061, 13.3, 14.2
  775, 066.747, +00.850,  7.8,  3.4
  776, 068.342, +01.314, 12.9, 13.3
  777, 069.539, -00.976,  8.0,  2.5
  778, 069.922, +01.512, 12.6, 12.7
  779, 070.150, +01.726,  9.7,  8.3
  780, 070.280, +01.584,  9.8,  8.6
  781, 070.293, +01.599,  9.8,  8.6
  782, 070.304, +01.596,  9.8,  8.6
  783, 070.313, +01.662,  9.7,  8.4
  784, 070.315, +01.649,  9.7,  8.4
  785, 070.329, +01.590,  9.6,  8.2
  786, 070.334, +01.629,  9.7,  8.4
  787, 071.151, +00.398,  9.5,  7.7
  788, 071.764, +03.077,  8.1,  2.7
  789, 071.893, +01.315,  8.2,  2.6
  790, 072.507, -01.169,  9.9,  8.2
  791, 073.879, +01.024, 11.7, 10.7
  792, 074.120, +01.503, 10.5,  8.9
  793, 074.136, +01.509, 10.5,  8.9
  794, 074.754, +00.913, 11.8, 10.7
  795, 074.769, +00.622,  8.2,  1.5
  796, 074.791, +00.578,  8.2,  1.5
  797, 075.295, +01.322, 10.9,  9.3
  798, 075.769, +00.345,  8.4,  3.8
  799, 075.843, +00.404,  8.3,  1.5
  800, 075.845, +00.360,  8.3,  1.5
  801, 076.181, +00.065,  8.3,  1.5
  802, 076.188, +00.098,  8.3,  1.5
  803, 076.362, -00.624,  8.3,  1.3
  804, 076.384, -00.621,  8.3,  1.3
  805, 077.385, -03.659,  8.3,  1.5
  806, 077.402, +00.842,  8.3,  1.5
  807, 077.463, +01.760,  8.3,  1.5
  808, 077.475, -01.085,  8.3,  1.5
  809, 077.900, +01.769,  8.3,  1.5
  810, 077.926, +01.678,  8.3,  1.5
  811, 077.977, -00.003,  8.3,  1.5
  812, 078.032, +00.607,  8.3,  1.5
  813, 078.124, +03.631,  8.3,  1.5
  814, 078.147, +01.821,  8.3,  1.5
  815, 078.177, -00.362,  8.3,  1.5
  816, 078.378, +02.786,  8.3,  1.5
  817, 078.439, +02.658,  8.3,  1.5
  818, 078.516, +01.188,  8.3,  1.5
  819, 078.698, +01.902,  8.3,  1.5
  820, 078.715, +03.115,  8.3,  1.5
  821, 078.870, +02.768,  8.3,  1.5
  822, 078.886, +00.709,  8.5,  3.3
  823, 078.965, +03.656,  8.3,  1.5
  824, 078.976, +00.356,  8.3,  1.5
  825, 079.297, +00.270,  8.4,  1.5
  826, 079.351, +00.001,  8.4,  1.5
  827, 079.870, +01.180,  8.4,  1.6
  828, 079.915, -00.504,  8.4,  1.5
  829, 079.964, +00.580,  8.4,  1.5
  830, 080.079, +02.145,  8.4,  1.5
  831, 080.192, +00.534,  8.4,  1.5
  832, 080.308, +00.722,  8.4,  1.5
  833, 080.362, +01.213,  8.4,  1.5
  834, 080.368, +00.441,  8.4,  1.5
  835, 080.634, +00.683,  8.4,  1.5
  836, 080.694, +00.691,  8.4,  1.5
  837, 080.831, +00.569,  8.4,  1.5
  838, 080.880, +00.410,  8.4,  1.5
  839, 080.925, -00.213,  8.4,  1.5
  840, 080.931, -00.204,  8.4,  1.5
  841, 080.939, -00.128,  8.4,  1.5
  842, 081.120, -00.132,  8.4,  1.5
  843, 081.450, +00.730,  8.4,  1.5
  844, 081.452, +00.595,  8.4,  1.5
  845, 081.470, +01.031,  8.4,  1.5
  846, 081.681, +00.540,  8.4,  1.5
  847, 081.832, +00.862,  8.4,  1.5
  848, 081.879, +00.779,  8.4,  1.3
  849, 081.921, +00.138,  8.4,  1.5
  850, 082.036, +02.330,  8.4,  1.5
  851, 082.566, +00.363,  8.4,  1.5
  852, 082.568, +00.406,  8.4,  1.5
  853, 083.094, +03.273,  8.5,  1.5
  854, 083.704, +03.282,  8.5,  1.5
  855, 083.793, +03.270,  8.5,  1.5
  856, 083.936, +00.771,  8.5,  1.5
  857, 084.194, +01.440,  8.5,  1.5
  858, 084.742, +03.873,  8.5,  1.5
  859, 085.055, -00.157,  8.5,  1.5
  860, 085.193, +03.902,  8.5,  1.5
  861, 085.326, -00.789,  8.5,  1.5
  862, 085.890, +02.221,  8.5,  1.5
  863, 090.213, +02.040, 13.3, 10.1
  864, 090.227, +01.718, 12.1,  8.6
  865, 092.681, +03.073,  8.7,  1.6
  866, 092.921, +02.823, 12.1,  8.2
  867, 093.159, +01.866, 12.3,  8.4
  868, 093.534, +01.473, 12.5,  8.7
  869, 093.857, +01.547, 12.0,  7.9
  870, 094.263, -00.414, 11.1,  6.5
  871, 094.326, -00.165, 10.5,  5.6
  872, 094.463, -00.803, 10.9,  6.2
  873, 094.495, -01.513, 10.5,  5.5
  874, 095.002, -01.579, 10.7,  5.8
  875, 095.053, +03.972, 14.3, 10.8
  876, 096.290, +02.594, 16.1, 12.8
  877, 096.357, +01.291, 13.0,  9.0
  878, 096.434, +01.325, 12.8,  8.6
  879, 096.547, +01.359, 12.8,  8.7
  880, 097.312, +03.270, 13.3,  9.2
  881, 097.515, +03.173, 13.6,  9.5
  882, 097.529, +03.184, 13.6,  9.5
  883, 097.661, +00.907, 12.0,  7.5
  884, 097.998, +01.469, 12.5,  8.1
  885, 098.037, +01.448, 12.4,  7.9
  886, 100.162, +01.665, 12.3,  7.6
  887, 100.169, +02.026, 12.3,  7.5
  888, 100.205, +01.885, 12.2,  7.4
  889, 100.214, +01.883, 12.2,  7.4
  890, 101.016, +02.590, 12.9,  8.2
  891, 102.311, +03.677, 14.9, 10.6
  892, 102.327, +03.682, 14.9, 10.6
  893, 102.334, +03.608, 14.9, 10.5
  894, 102.354, +03.636, 15.0, 10.7
  895, 102.877, -00.694, 11.2,  5.7
  896, 103.804, +00.405, 12.4,  7.3
  897, 103.875, +01.857,  9.5,  2.6
  898, 105.402, +09.886,  8.8,  0.9
  899, 105.509, +00.230, 11.6,  5.9
  900, 105.635, +00.346, 11.5,  5.8
  901, 105.779, +00.048, 11.1,  5.2
  902, 105.852, +00.142, 11.1,  5.1
  903, 106.809, +03.310, 12.6,  7.1
  904, 107.034, -00.801, 10.5,  4.1
  905, 107.209, -01.334, 10.5,  4.1
  906, 107.298, +05.638,  8.8,  0.8
  907, 107.683, -02.239, 11.9,  6.1
  908, 108.185, +05.518,  8.8,  0.8
  909, 108.191, +00.587, 11.9,  6.1
  910, 108.213, -01.293, 11.8,  5.9
  911, 108.273, -01.065, 11.7,  5.8
  912, 108.375, -01.056, 12.2,  6.5
  913, 108.603, +00.495, 11.6,  5.6
  914, 108.753, -00.971, 11.4,  5.3
  915, 108.758, -00.988, 11.4,  5.3
  916, 108.764, -00.951, 11.4,  5.3
  917, 108.771, -00.973, 11.4,  5.3
  918, 109.104, -00.346, 11.2,  5.0
  919, 109.875, +02.116,  8.8,  0.7
  920, 109.994, -00.091, 11.6,  5.5
  921, 110.016, +00.260, 11.6,  5.5
  922, 110.054, -00.106, 11.7,  5.6
  923, 110.094, -00.064, 11.7,  5.6
  924, 110.099, +00.042, 11.6,  5.6
  925, 110.252, +00.010, 11.8,  5.8
  926, 111.046, +01.085, 12.1,  6.0
  927, 111.196, -00.798, 11.8,  5.6
  928, 111.237, -01.238, 11.9,  5.8
  929, 111.286, -00.660, 11.4,  5.1
  930, 111.543, +00.776, 12.1,  6.1
  931, 111.558, +00.804,  9.8,  2.7
  932, 111.567, +00.752, 12.1,  6.1
  933, 111.612, +00.372, 12.7,  6.8
  934, 111.774, +00.689, 11.8,  5.6
  935, 111.860, +00.801, 11.5,  5.3
  936, 111.873, +00.821, 11.7,  5.4
  937, 111.893, +00.992, 11.5,  5.1
  938, 111.941, +00.678, 11.9,  5.7
  939, 111.947, +00.800, 11.6,  5.4
  940, 112.212, +00.229, 11.0,  4.4
  941, 113.595, -00.748, 11.0,  4.4
  942, 113.900, -01.612, 11.4,  4.9
  943, 114.079, +02.855, 11.9,  5.5
  944, 114.569, +00.290, 10.5,  3.5
  945, 114.605, -00.800, 10.4,  3.4
  946, 114.626, +00.219, 11.5,  4.9
  947, 114.979, +03.182, 13.1,  7.0
  948, 114.987, +03.227, 13.1,  7.0
  949, 115.785, -01.561, 11.0,  4.2
  950, 115.885, -01.707, 11.2,  4.5
  951, 117.639, +02.276, 12.1,  5.6
  952, 118.621, -01.329, 11.2,  4.3
  953, 119.437, -00.916, 10.6,  3.4
  954, 120.152, +03.375, 13.8,  7.4
  955, 120.348, +01.969, 12.3,  5.6
  956, 121.298, +00.659,  9.0,  0.9
  957, 122.002, -07.083,  9.8,  2.1
  958, 122.459, -00.780, 11.3,  4.2
  959, 122.775, +02.849, 13.3,  6.6
  960, 123.155, -06.306, 10.3,  2.8
  961, 123.207, +02.832, 13.3,  6.6
  962, 123.809, -01.781, 10.5,  3.1
  963, 124.637, +02.536, 16.9, 10.6
  964, 125.606, +02.099, 12.5,  5.4
  965, 125.634, +02.018, 12.6,  5.6
  966, 132.156, -00.729, 13.4,  6.2
  967, 133.678, +01.213, 11.7,  4.1
  968, 133.712, +01.222,  9.9,  2.0
  969, 133.739, +01.186, 11.5,  3.8
  970, 133.781, +01.428,  9.9,  2.0
  971, 133.950, +01.067, 12.4,  4.8
  972, 134.279, +00.854, 13.0,  5.5
  973, 134.970, +00.699, 11.9,  4.2
  974, 135.278, +02.796, 13.4,  6.0
  975, 136.084, +02.088, 12.4,  4.8
  976, 136.117, +02.058, 12.5,  4.9
  977, 136.119, +02.119, 13.0,  5.4
  978, 136.384, +02.266, 12.1,  4.4
  979, 136.448, +02.519, 12.8,  5.3
  980, 136.826, +01.113, 11.7,  3.9
  981, 136.884, +00.912, 10.0,  2.0
  982, 136.915, +01.085, 12.0,  4.3
  983, 138.299, +01.561, 11.8,  4.0
  984, 138.494, +01.635, 11.4,  3.6
  985, 139.914, +00.188, 12.2,  4.3
  986, 142.245, +01.430, 13.4,  5.7
  987, 143.555, -01.542, 12.2,  4.2
  988, 145.195, +02.988, 16.6,  8.9
  989, 148.121, +00.295, 12.5,  4.4
  990, 148.890, +02.492, 12.2,  4.1
  991, 150.596, -00.955, 11.4,  3.2
  992, 150.983, -00.470, 11.2,  3.0
  993, 151.180, +02.124, 12.4,  4.3
  994, 151.273, +01.961, 12.5,  4.3
  995, 151.609, -00.232, 16.9,  9.0
  996, 151.616, -00.462, 16.9,  8.9
  997, 152.332, -00.296, 12.8,  4.6
  998, 154.646, +02.438, 14.1,  6.0
  999, 155.372, +02.614, 15.7,  7.6
 1000, 159.159, +03.332, 11.8,  3.5
 1001, 159.354, +02.576, 14.7,  6.4
 1002, 159.916, -18.649,  8.7,  0.2
 1003, 168.066, +00.820, 20.0, 11.6
 1004, 188.795, +01.030, 10.5,  2.0
 1005, 189.830, +00.418, 10.6,  2.1
 1006, 192.151, -03.805, 10.0,  1.5
 1007, 192.638, -00.008, 10.1,  1.6
 1008, 196.448, -01.673, 13.7,  5.3
 1009, 200.078, -01.633, 16.1,  7.9
 1010, 200.915, -01.582, 16.0,  7.7
 1011, 201.535, +01.597, 13.0,  4.7
 1012, 208.921, -19.268,  8.9,  0.4
 1013, 209.037, -19.376,  8.9,  0.4
 1014, 209.107, -19.509,  8.9,  0.4
 1015, 211.535, +01.005, 14.5,  6.5
 1016, 211.598, +01.050, 14.5,  6.6
 1017, 211.896, -01.202, 14.3,  6.4
 1018, 212.021, -01.309, 14.4,  6.4
 1019, 212.235, -03.498, 14.6,  6.7
 1020, 212.247, -01.103, 13.7,  5.8
 1021, 212.962, +01.298, 13.6,  5.7
 1022, 213.031, -03.640, 15.8,  8.0
 1023, 213.076, -02.213, 15.6,  7.7
 1024, 213.918, +00.379, 13.3,  5.3
 1025, 214.493, -01.810, 11.1,  3.0
 1026, 214.635, +00.770, 14.4,  6.6
 1027, 215.890, -02.009, 16.0,  8.3
 1028, 216.729, -00.112, 12.7,  4.9
 1029, 217.258, -00.032, 11.1,  3.1
 1030, 217.302, -00.058, 10.9,  2.8
 1031, 217.307, -00.042, 10.9,  2.8
 1032, 217.605, -02.617, 16.8,  9.2
 1033, 218.023, -00.314, 10.7,  2.7
 1034, 218.147, -00.566, 10.7,  2.6
 1035, 218.737, +01.851, 14.4,  6.7
 1036, 221.955, -01.992, 12.1,  4.4
 1037, 224.158, +01.213, 11.2,  3.3
 1038, 227.760, -00.127, 13.5,  6.2
 1039, 229.569, +00.154, 12.8,  5.5
 1040, 231.142, +01.504, 11.9,  4.6
 1041, 231.481, -04.401, 13.3,  6.2
 1042, 232.594, +00.851,  9.6,  1.7
 1043, 233.753, -00.192, 11.1,  3.7
 1044, 233.830, -00.179, 11.7,  4.4
 1045, 234.576, +00.834, 10.9,  3.5
 1046, 234.644, +00.835, 10.9,  3.5
 1047, 237.317, -01.284, 15.2,  8.8
 1048, 240.319, +00.073, 13.6,  7.2
 1049, 243.244, +00.407, 12.1,  5.6
 1050, 250.655, -03.466, 15.6, 10.5
 1051, 251.234, -01.953, 11.8,  5.9
 1052, 253.694, -00.414, 10.4,  4.1
 1053, 254.056, -00.097, 10.2,  3.8
 1054, 254.683, +00.221, 12.5,  7.2
 1055, 259.612, -02.697, 11.7,  6.7
 1056, 261.169, -00.896, 13.4,  9.1
 1057, 264.597, -00.245,  9.3,  3.1
 1058, 269.068, -01.113,  9.3,  3.6
 1059, 269.454, -01.468, 12.9,  9.7
 1060, 284.636, -00.496,  8.8,  5.4
 1061, 284.712, +00.318,  9.1,  6.0
 1062, 285.596, -00.849,  9.1,  6.2
 1063, 286.191, +00.174,  8.2,  2.4
 1064, 286.260, -00.154,  8.2,  2.4
 1065, 286.391, -01.351, 10.6,  9.2
 1066, 286.412, -01.467, 10.6,  9.2
 1067, 286.439, -01.495, 10.6,  9.2
 1068, 286.861, +02.895,  8.1,  2.5
 1069, 286.951, -00.954, 10.4,  8.9
 1070, 287.025, -00.321,  8.1,  2.5
 1071, 287.247, +00.355,  8.1,  2.5
 1072, 287.524, -00.735,  8.1,  2.6
 1073, 287.814, -00.817,  8.1,  2.6
 1074, 288.670, -00.324,  9.7,  8.2
 1075, 288.675, +00.634,  8.9,  6.5
 1076, 289.077, -00.345,  9.5,  7.9
 1077, 289.806, -01.242,  9.7,  8.4
 1078, 289.880, -00.800,  9.7,  8.4
 1079, 289.944, -00.889, 10.3,  9.4
 1080, 290.714, +00.244,  8.0,  3.0
 1081, 291.030, -00.784,  9.4,  8.2
 1082, 291.070, -00.793,  9.6,  8.5
 1083, 291.214, -00.245,  9.0,  7.4
 1084, 291.255, -00.776,  7.9,  3.1
 1085, 291.281, -00.725,  7.9,  3.1
 1086, 291.467, -00.142,  8.9,  7.2
 1087, 291.614, -00.525,  9.1,  7.7
 1088, 291.863, -00.682,  9.9,  9.1
 1089, 291.947, -00.910,  9.3,  8.2
 1090, 292.921, -00.907,  9.2,  8.1
 1091, 293.024, -01.029, 13.0, 13.7
 1092, 293.565, -00.670,  7.8,  3.4
 1093, 293.613, -01.290,  7.8,  3.4
 1094, 293.824, -00.760, 10.4, 10.3
 1095, 293.829, -00.743, 10.4, 10.3
 1096, 293.952, -00.894, 10.4, 10.4
 1097, 293.967, -00.983, 10.4, 10.4
 1098, 294.793, -01.330,  7.7,  3.6
 1099, 295.015, -01.860,  7.9,  3.6
 1100, 295.163, -00.674, 10.8, 11.1
 1101, 295.728, -00.214,  9.5,  9.3
 1102, 296.660, -00.924,  9.9, 10.2
 1103, 297.457, -00.763, 10.2, 10.7
 1104, 297.458, -00.772, 10.2, 10.7
 1105, 297.463, -00.732, 10.2, 10.7
 1106, 297.469, -00.767, 10.2, 10.7
 1107, 297.471, -00.735, 10.2, 10.7
 1108, 297.472, -00.728, 10.2, 10.7
 1109, 297.497, -00.757,  9.8, 10.2
 1110, 297.651, -00.973, 10.0, 10.5
 1111, 298.183, -00.783,  9.4,  9.8
 1112, 298.224, -00.334, 10.3, 11.1
 1113, 298.262, +00.739,  7.5,  4.0
 1114, 298.529, -00.251,  9.8, 10.5
 1115, 298.833, +00.118,  9.8, 10.4
 1116, 298.834, +00.128,  9.8, 10.4
 1117, 298.846, +00.121,  9.8, 10.4
 1118, 298.846, -00.334, 10.0, 10.7
 1119, 298.862, -00.432, 10.0, 10.7
 1120, 299.013, +00.130,  9.8, 10.6
 1121, 299.043, +00.186,  9.8, 10.6
 1122, 299.153, +00.009,  8.7,  8.7
 1123, 299.349, -00.266,  7.4,  4.2
 1124, 300.344, -00.219,  7.3,  4.3
 1125, 300.402, +00.545,  7.3,  4.3
 1126, 300.502, -00.180, 10.1, 11.2
 1127, 300.948, +00.912,  7.3,  4.4
 1128, 300.964, +00.895,  7.3,  4.4
 1129, 300.965, +01.163,  7.3,  4.4
 1130, 301.116, +00.968,  7.3,  4.4
 1131, 301.138, -00.226,  7.3,  4.4
 1132, 301.733, +01.104,  7.2,  4.5
 1133, 301.817, +00.784,  7.2,  4.5
 1134, 301.996, +00.948,  7.2,  4.5
 1135, 302.024, -00.113,  7.2,  4.5
 1136, 302.151, -00.949, 10.5, 12.1
 1137, 302.384, +00.294,  7.2,  4.6
 1138, 302.391, +00.281,  7.2,  4.6
 1139, 302.453, -00.740, 10.7, 12.6
 1140, 302.481, -00.034,  7.2,  4.6
 1141, 302.503, -00.762, 10.4, 12.1
 1142, 302.582, -00.083, 10.4, 12.2
 1143, 302.631, +00.030,  7.3,  4.6
 1144, 302.805, +01.287,  7.3,  4.6
 1145, 302.988, +00.352,  7.1,  4.6
 1146, 303.116, -00.971, 10.1, 11.8
 1147, 303.445, -00.744, 10.5, 12.5
 1148, 303.484, -00.460, 10.0, 11.8
 1149, 303.919, -00.687, 10.4, 12.4
 1150, 303.924, -00.685, 10.4, 12.4
 1151, 303.938, -00.690, 10.4, 12.4
 1152, 303.939, -00.683, 10.4, 12.4
 1153, 304.087, +00.433,  7.0,  4.8
 1154, 304.557, +00.329,  7.0,  4.8
 1155, 304.925, +00.556,  7.2,  4.9
 1156, 305.200, +00.208,  7.0,  4.9
 1157, 305.201, +00.009,  7.1,  4.9
 1158, 305.215, +00.200,  7.0,  4.9
 1159, 305.224, +00.213,  7.0,  4.9
 1160, 305.233, +00.110,  7.0,  4.9
 1161, 305.261, +00.244,  7.0,  4.9
 1162, 305.265, -00.007,  7.3,  7.0
 1163, 305.272, +00.165,  7.0,  4.9
 1164, 305.322, -00.255,  6.9,  4.9
 1165, 305.352, +00.223,  7.0,  4.9
 1166, 305.362, +00.198,  7.1,  4.9
 1167, 305.363, +00.151,  7.1,  4.9
 1168, 305.373, +00.184,  7.2,  4.9
 1169, 305.483, +00.225,  7.1,  4.9
 1170, 305.536, +00.358,  7.0,  4.9
 1171, 305.558, +00.012,  6.9,  4.9
 1172, 305.579, +00.037,  7.1,  4.9
 1173, 305.689, +01.613,  6.9,  5.0
 1174, 305.789, +00.138,  6.9,  5.0
 1175, 306.321, -00.358,  7.9,  8.9
 1176, 307.396, -00.578, 10.8, 13.6
 1177, 307.758, +00.353,  6.8,  5.2
 1178, 308.031, -01.052, 11.5, 14.6
 1179, 308.033, -01.053, 11.5, 14.6
 1180, 308.079, -00.405,  7.8,  9.3
 1181, 308.713, +00.646,  6.6,  5.3
 1182, 308.747, +00.547,  6.7,  5.3
 1183, 308.916, +00.125,  6.6,  5.3
 1184, 309.075, +00.172,  6.7,  5.4
 1185, 309.370, -00.153,  6.6,  5.4
 1186, 309.540, -00.720,  6.8,  5.4
 1187, 309.896, +00.393,  6.5,  5.4
 1188, 309.917, +00.343,  6.5,  5.5
 1189, 309.922, +00.481,  6.5,  5.5
 1190, 309.980, +00.549,  6.8,  5.5
 1191, 310.143, +00.759,  6.5,  5.5
 1192, 310.168, -00.131,  8.8, 11.5
 1193, 310.375, -00.298,  6.5,  5.5
 1194, 310.519, -00.219, 10.1, 13.3
 1195, 310.887, +00.010,  6.4,  5.6
 1196, 310.901, -00.373, 10.5, 13.8
 1197, 310.983, +00.405,  6.5,  5.6
 1198, 311.003, -00.354, 11.0, 14.5
 1199, 311.034, +00.380,  6.4,  5.6
 1200, 311.137, -00.234, 10.8, 14.3
 1201, 311.138, -00.278, 11.1, 14.7
 1202, 311.178, -00.399,  6.6,  5.6
 1203, 311.216, +00.763,  6.4,  5.6
 1204, 311.484, +00.361,  6.4,  5.6
 1205, 311.489, +00.394,  6.4,  5.6
 1206, 311.501, -00.464,  6.6,  5.6
 1207, 311.563, +00.239,  8.7, 11.6
 1208, 311.575, +00.239,  8.7, 11.6
 1209, 311.597, -00.634, 11.1, 14.7
 1210, 311.606, -00.638, 11.1, 14.7
 1211, 311.621, +00.296,  6.4,  5.6
 1212, 311.629, +00.290,  6.4,  5.6
 1213, 311.629, +00.278,  6.4,  5.6
 1214, 311.638, +00.301,  6.6,  7.5
 1215, 311.639, -00.627, 10.8, 14.4
 1216, 311.644, -00.379, 11.1, 14.7
 1217, 311.841, -00.218,  6.4,  5.7
 1218, 311.866, -00.237,  6.4,  5.7
 1219, 311.893, +00.087,  6.6,  5.7
 1220, 311.919, +00.205,  6.7,  7.9
 1221, 312.037, +00.084,  6.3,  5.7
 1222, 312.110, +00.311,  6.6,  5.7
 1223, 312.598, +00.049,  6.3,  5.8
 1224, 313.460, +00.192,  8.4, 11.5
 1225, 314.078, +00.484,  6.1,  5.9
 1226, 314.184, +00.266,  6.1,  5.9
 1227, 314.218, +00.253,  6.2,  5.9
 1228, 314.222, +00.273,  6.1,  5.9
 1229, 314.229, +00.283,  6.1,  5.9
 1230, 314.232, +00.273,  6.1,  5.9
 1231, 314.239, +00.429,  6.1,  5.9
 1232, 314.289, +00.431,  6.1,  5.9
 1233, 315.312, -00.271,  9.7, 13.6
 1234, 316.141, -00.506,  6.1,  6.1
 1235, 316.369, -00.368,  8.8, 12.7
 1236, 316.796, -00.056,  6.9,  2.5
 1237, 317.405, +00.092,  6.7,  2.8
 1238, 317.426, -00.561, 10.7, 15.2
 1239, 317.458, -00.533, 10.5, 15.0
 1240, 317.466, -00.524, 10.5, 15.0
 1241, 317.475, -00.585, 10.6, 15.2
 1242, 317.881, -00.068,  9.9, 14.4
 1243, 317.889, -00.065,  9.9, 14.4
 1244, 317.891, -00.051,  9.9, 14.4
 1245, 317.891, -00.059,  9.9, 14.4
 1246, 318.726, -00.222,  7.4, 11.3
 1247, 318.774, -00.150,  6.8,  2.6
 1248, 318.915, -00.165,  7.1, 10.8
 1249, 319.164, -00.420,  7.4, 11.4
 1250, 319.348, +00.018,  7.8, 12.0
 1251, 319.884, +00.794,  6.7,  2.6
 1252, 320.104, -00.510,  7.9, 12.2
 1253, 320.163, +00.797,  6.8,  2.4
 1254, 320.232, -00.286,  5.8,  8.5
 1255, 320.248, +00.442,  7.0,  2.1
 1256, 320.248, -00.278,  5.7,  8.3
 1257, 320.311, -00.176,  8.0, 12.4
 1258, 320.357, +00.154,  8.4, 13.0
 1259, 320.692, +00.186,  8.2, 12.8
 1260, 321.015, -00.526,  5.9,  4.1
 1261, 321.114, -00.273,  9.7, 14.7
 1262, 321.115, -00.546,  6.1,  3.8
 1263, 322.162, +00.626,  6.1,  3.5
 1264, 324.135, +00.237,  5.0,  6.9
 1265, 324.201, +00.118,  5.0,  6.9
 1266, 324.924, -00.569, 10.8, 16.6
 1267, 326.270, +00.784,  6.2,  3.0
 1268, 326.446, +00.902,  6.5,  2.7
 1269, 326.467, -00.381,  5.9,  3.6
 1270, 326.473, -00.377,  5.9,  3.6
 1271, 326.643, +00.515,  6.3,  3.0
 1272, 326.728, +00.616,  6.4,  2.8
 1273, 327.285, -00.576,  6.1,  3.2
 1274, 327.300, -00.547,  6.1,  3.2
 1275, 327.770, -00.345,  5.2,  4.6
 1276, 327.824, +00.118,  4.5,  7.2
 1277, 327.848, +00.017,  5.9, 11.0
 1278, 327.885, +00.148,  4.7,  7.2
 1279, 327.916, +00.155,  4.7,  7.2
 1280, 328.165, +00.587,  4.7,  7.2
 1281, 328.286, +00.464,  4.6,  7.2
 1282, 328.320, +00.435,  4.6,  7.2
 1283, 328.551, -00.499,  5.9,  3.4
 1284, 328.555, -00.535,  5.9,  3.4
 1285, 328.572, -00.526,  5.9,  3.4
 1286, 328.574, -00.561,  5.9,  3.4
 1287, 328.587, -00.488,  5.9,  3.4
 1288, 328.589, -00.525,  5.9,  3.4
 1289, 329.338, +00.148,  4.3,  7.3
 1290, 329.340, +00.122,  4.3,  7.3
 1291, 329.460, +00.174,  4.4,  7.3
 1292, 329.465, +00.207,  4.4,  7.3
 1293, 329.470, +00.206,  4.4,  7.3
 1294, 329.472, +00.215,  4.4,  7.3
 1295, 329.475, +00.226,  4.4,  7.3
 1296, 329.601, +00.060,  4.4,  7.3
 1297, 330.290, -00.394,  5.0, 10.0
 1298, 330.673, -00.388,  5.4,  4.0
 1299, 330.712, +00.173,  4.3,  7.4
 1300, 330.873, -00.368,  5.6,  3.7
 1301, 331.119, -00.496,  5.2,  4.3
 1302, 331.123, -00.529,  5.2,  4.3
 1303, 331.127, -00.481,  5.2,  4.3
 1304, 331.145, +00.134,  4.9, 10.2
 1305, 331.338, -00.365,  5.3,  4.1
 1306, 331.417, -00.353,  5.3,  4.1
 1307, 331.520, -00.075,  4.6,  5.4
 1308, 332.145, -00.451,  5.5,  3.7
 1309, 332.291, -00.092,  5.8,  3.3
 1310, 332.293, -00.105,  5.8,  3.3
 1311, 332.657, -00.622,  5.8,  3.3
 1312, 332.762, -00.595,  5.4,  3.8
 1313, 332.823, -00.550,  5.5,  3.7
 1314, 332.840, -00.542,  5.5,  3.7
 1315, 332.849, -01.498,  6.0,  2.9
 1316, 332.964, +00.771,  5.6,  3.5
 1317, 333.011, -00.441,  5.5,  3.6
 1318, 333.016, +00.762,  5.7,  3.3
 1319, 333.019, +00.747,  5.7,  3.3
 1320, 333.093, +01.967,  7.1,  1.6
 1321, 333.129, -00.439,  5.6,  3.5
 1322, 333.288, -00.398,  5.6,  3.4
 1323, 333.375, -00.202,  4.0,  7.6
 1324, 333.627, -00.198,  5.8,  3.2
 1325, 333.681, -00.440,  5.6, 11.8
 1326, 334.698, -00.090,  6.4, 12.9
 1327, 334.721, -00.652, 10.5, 17.5
 1328, 335.946, +00.032,  3.6,  7.8
 1329, 336.358, -00.137,  4.2, 10.2
 1330, 336.367, -00.003,  3.4,  7.8
 1331, 336.455, +00.043,  4.9, 11.4
 1332, 336.515, -01.479,  6.6,  2.1
 1333, 336.539, -00.197,  4.3, 10.4
 1334, 336.888, +00.058,  3.5,  7.8
 1335, 336.900, -00.033,  3.5,  7.8
 1336, 336.915, -00.025,  3.5,  7.8
 1337, 336.919, -00.187,  4.5, 10.8
 1338, 336.978, -00.007,  3.5,  7.8
 1339, 336.986, -00.005,  3.5,  7.8
 1340, 336.990, -00.021,  3.5,  7.8
 1341, 336.994, -00.027,  3.5,  7.8
 1342, 337.001, -00.029,  3.5,  7.8
 1343, 337.004, +00.322,  4.9, 11.4
 1344, 337.121, -00.179,  4.5, 10.9
 1345, 337.652, -00.050,  5.1, 11.8
 1346, 337.653, -00.180,  5.2, 11.9
 1347, 337.658, -00.161,  5.2, 11.9
 1348, 337.660, -00.183,  5.2, 11.9
 1349, 337.665, -00.176,  5.2, 11.9
 1350, 337.696, -00.069,  5.4, 12.2
 1351, 337.705, -00.058,  5.4, 12.2
 1352, 337.709, +00.091,  4.4, 10.8
 1353, 337.922, -00.462,  5.7,  3.1
 1354, 338.075, +00.016,  5.4, 12.2
 1355, 338.114, -00.193,  5.1, 11.9
 1356, 338.405, -00.203,  8.9, 16.2
 1357, 338.706, +00.646,  4.7,  4.3
 1358, 338.911, +00.616,  4.7,  4.4
 1359, 338.934, -00.067,  5.6,  3.2
 1360, 339.106, +00.152,  4.2,  5.0
 1361, 339.134, -00.377,  5.8,  3.0
 1362, 339.233, +00.244,  4.4, 11.2
 1363, 339.585, -00.104,  6.1, 13.3
 1364, 339.845, +00.300,  6.8, 14.2
 1365, 340.051, -00.231,  5.0,  3.9
 1366, 340.234, -00.368,  5.0,  3.9
 1367, 340.247, -00.372,  5.0,  3.9
 1368, 340.294, -00.192,  5.4,  3.5
 1369, 340.780, -01.022,  6.3,  2.3
 1370, 341.283, -00.352,  5.5,  3.3
 1371, 341.968, +00.225,  7.7, 15.3
 1372, 342.062, +00.417,  4.3,  4.7
 1373, 342.354, -00.046,  7.2, 14.8
 1374, 343.503, -00.016,  5.9, 13.5
 1375, 343.912, +00.116,  9.5, 17.4
 1376, 344.224, -00.594,  5.9,  2.8
 1377, 344.424, +00.045,  3.9,  5.0
 1378, 345.410, -00.952,  6.0,  2.6
 1379, 345.486, +00.316,  6.1, 13.9
 1380, 345.493, +00.304,  6.1, 13.9
 1381, 345.648, +00.016,  7.2, 15.1
 1382, 345.651, +00.015,  7.2, 15.2
 1383, 346.521, +00.087,  9.0, 17.0
 1384, 346.873, +00.330,  9.4, 17.5
 1385, 347.599, +00.246,  2.8,  6.2
 1386, 347.921, -00.763, 10.0, 18.2
 1387, 348.249, -00.970,  6.1, 14.2
 1388, 348.533, -00.972,  6.7,  1.9
 1389, 348.686, -01.035,  6.6,  2.0
 1390, 348.691, -00.825,  5.2,  3.4
 1391, 348.695, -01.028,  6.6,  2.0
 1392, 348.698, -01.019,  6.6,  2.0
 1393, 348.710, -01.044,  5.2,  3.4
 1394, 348.713, +00.328,  7.4, 15.6
 1395, 348.890, -00.189, 10.7, 18.9
 1396, 348.892, -00.179, 11.4, 19.7
 1397, 349.712, +00.112, 16.0, 24.3
 1398, 349.720, +00.121, 16.0, 24.3
 1399, 358.530, +00.056,  0.2,  8.5
 1400, 358.552, -00.025,  0.2,  8.5
 1401, 358.616, -00.076,  0.2,  8.5
 1402, 358.652, -00.078,  0.2,  8.5
 1403, 358.680, -00.087,  0.2,  8.5
 1404, 358.694, -00.075,  0.2,  8.5
 1405, 358.720, +00.011,  0.2,  8.5
 1406, 358.760, -00.030,  0.2,  8.5
 1407, 358.787, +00.062,  0.2,  8.5
 1408, 358.827, +00.085,  0.2,  8.5
 1409, 358.931, -00.038,  0.2,  8.5
 1410, 358.938, -00.030,  0.2,  8.5
 1411, 358.982, -00.030,  0.2,  8.5
 1412, 359.161, -00.037,  0.1,  8.5